"UniqueID","startprice","startprice.log","startprice.predict.All.X.glmnet","startprice.predict.All.X.glmnet.err","startprice.predict.All.X.glmnet.accurate"
11862,105,4.65396035015752,168.211125416765,63.2111254167652,FALSE
11863,195,5.27299955856375,322.88849111559,127.88849111559,FALSE
11864,219.99,5.39358209077382,311.991880559331,92.0018805593307,FALSE
11865,100,4.60517018598809,116.410927366519,16.4109273665193,FALSE
11866,210.99,5.35181073898804,272.3489350799,61.3589350798998,FALSE
11867,514.95,6.24406980857181,518.909049856031,3.95904985603136,FALSE
11868,79.99,4.38190162686073,181.609964269338,101.619964269338,FALSE
11869,250,5.52146091786225,236.986316512141,13.013683487859,FALSE
11870,149.99,5.01056862520727,239.756858018871,89.7668580188706,FALSE
11871,75,4.31748811353631,64.6522788085036,10.3477211914964,FALSE
11872,145.49,4.9801073557273,209.879170098293,64.3891700982932,FALSE
11873,249,5.51745289646471,330.374516600328,81.3745166003278,FALSE
11874,153.95,5.03662787437051,203.128156674186,49.1781566741861,FALSE
11875,150,5.01063529409626,217.473447668877,67.4734476688774,FALSE
11876,274,5.61312810638807,364.970734526439,90.9707345264386,FALSE
11877,250,5.52146091786225,391.272052255689,141.272052255689,FALSE
11878,250,5.52146091786225,222.467829292785,27.5321707072155,FALSE
11879,130,4.86753445045558,209.73135765042,79.7313576504201,FALSE
11880,229.99,5.43803582971712,298.146029582175,68.1560295821747,FALSE
11881,289,5.66642668811243,345.741164628993,56.7411646289927,FALSE
11882,303.99,5.71699480612834,304.651709058768,0.661709058768054,FALSE
11883,279.5,5.63300229259515,330.558019096991,51.0580190969907,FALSE
11884,239.99,5.48059725580725,237.635877451955,2.35412254804535,FALSE
11885,80,4.38202663467388,174.37329455109,94.3732945510903,FALSE
11886,345,5.84354441703136,431.958100477765,86.9581004777654,FALSE
11887,239.99,5.48059725580725,338.948488635518,98.9584886355179,FALSE
11888,269.85,5.59786624906465,339.658315567422,69.8083155674223,FALSE
11889,280,5.63478960316925,330.201490030672,50.2014900306719,FALSE
11890,212.99,5.36124521625051,301.758412760513,88.7684127605126,FALSE
11891,0.01,-4.60517018598809,201.056187707749,201.046187707749,FALSE
11892,139,4.93447393313069,198.953458457699,59.9534584576988,FALSE
11893,250,5.52146091786225,208.522702881555,41.4772971184451,FALSE
11894,129.95,4.8671497610875,196.281846289041,66.3318462890414,FALSE
11895,559,6.3261494731551,530.832705960829,28.1672940391707,FALSE
11896,499,6.21260609575152,372.304585859557,126.695414140443,FALSE
11897,245,5.50125821054473,275.676989795202,30.6769897952018,FALSE
11898,250,5.52146091786225,312.10858979224,62.1085897922404,FALSE
11899,79.94,4.38127635328318,209.768748136625,129.828748136625,FALSE
11900,219.85,5.39294549562682,307.61751863327,87.7675186332702,FALSE
11901,199.99,5.298267365298,146.031640972621,53.958359027379,FALSE
11902,199.99,5.298267365298,356.830666844287,156.840666844287,FALSE
11903,295,5.68697535633982,227.869776710979,67.1302232890207,FALSE
11904,359.99,5.88607625328657,534.762187703126,174.772187703125,FALSE
11905,256.24,5.5461145053009,298.356534756495,42.116534756495,FALSE
11906,25,3.2188758248682,55.8381465654418,30.8381465654418,FALSE
11907,299.99,5.7037491407673,378.392880928641,78.4028809286411,FALSE
11908,199.99,5.298267365298,233.212611996896,33.2226119968956,FALSE
11909,640,6.46146817635372,317.498206921631,322.501793078369,FALSE
11910,145,4.97673374242057,246.135965855081,101.135965855081,FALSE
11911,170,5.13579843705026,129.469568468422,40.5304315315779,FALSE
11912,284.99,5.65245409193376,324.327118855699,39.3371188556986,FALSE
11913,50,3.91202300542815,33.5679404366669,16.4320595633331,FALSE
11914,200,5.29831736654804,134.066970793929,65.9330292060708,FALSE
11915,235,5.45958551414416,364.122099214092,129.122099214092,FALSE
11916,619,6.4281052726846,610.002927834407,8.99707216559307,FALSE
11917,369.99,5.91347597824601,403.231582321839,33.2415823218386,FALSE
11918,100,4.60517018598809,107.74362043933,7.74362043932975,FALSE
11919,169,5.12989871492307,253.759280870062,84.7592808700617,FALSE
11920,219.99,5.39358209077382,272.88101032687,52.8910103268698,FALSE
11921,199.69,5.2967661640553,278.089102554246,78.3991025542463,FALSE
11922,69.5,4.24132675257075,69.1127299567647,0.387270043235276,FALSE
11923,1,0,361.587666685938,360.587666685938,FALSE
11924,275,5.61677109766657,192.074725207106,82.9252747928941,FALSE
11925,0.99,-0.0100503358535015,255.300393348628,254.310393348628,FALSE
11926,199.99,5.298267365298,266.85733706096,66.8673370609602,FALSE
11927,99.99,4.60507018098776,110.722928252513,10.7329282525127,FALSE
11928,175,5.16478597392351,300.029283837517,125.029283837517,FALSE
11929,285,5.65248918026865,381.032061031968,96.0320610319682,FALSE
11930,0.99,-0.0100503358535015,94.4006570516716,93.4106570516716,FALSE
11931,150,5.01063529409626,211.088804786398,61.0888047863981,FALSE
11932,329,5.79605775076537,375.268806842485,46.2688068424848,FALSE
11933,180,5.19295685089021,198.644210239425,18.6442102394254,FALSE
11934,246,5.50533153593236,298.740329672349,52.7403296723493,FALSE
11935,200,5.29831736654804,221.047070934918,21.0470709349177,FALSE
11936,285,5.65248918026865,389.709923553399,104.709923553399,FALSE
11937,50,3.91202300542815,59.0686987049567,9.0686987049567,FALSE
11938,230,5.4380793089232,167.223263607172,62.7767363928285,FALSE
11939,285,5.65248918026865,238.307678649956,46.6923213500438,FALSE
11940,175,5.16478597392351,150.356376193287,24.6436238067126,FALSE
11941,260,5.56068163101553,190.403170772379,69.5968292276214,FALSE
11942,80,4.38202663467388,205.664905367624,125.664905367624,FALSE
11943,310,5.73657229747919,386.831868950338,76.8318689503381,FALSE
11944,100,4.60517018598809,183.424811297818,83.4248112978181,FALSE
11945,0.99,-0.0100503358535015,78.6807966945808,77.6907966945808,FALSE
11946,99.99,4.60507018098776,118.525412328331,18.5354123283312,FALSE
11947,0.99,-0.0100503358535015,200.18744596768,199.19744596768,FALSE
11948,239.99,5.48059725580725,223.460713162171,16.5292868378286,FALSE
11949,75,4.31748811353631,112.464397780752,37.4643977807523,FALSE
11950,120,4.78749174278205,215.131836958073,95.1318369580731,FALSE
11951,269.99,5.59838492127545,327.088823264063,57.0988232640632,FALSE
11952,399,5.98896141688986,364.660701593391,34.3392984066095,FALSE
11953,0.45,-0.798507696217772,273.491661365741,273.041661365741,FALSE
11954,223,5.40717177146012,287.482629244166,64.4826292441658,FALSE
11955,79,4.36944785246702,86.7459067383688,7.74590673836876,FALSE
11956,0.99,-0.0100503358535015,95.0793806196605,94.0893806196605,FALSE
11957,150,5.01063529409626,156.032578772068,6.03257877206823,FALSE
11958,275,5.61677109766657,285.332345003679,10.3323450036792,FALSE
11959,99,4.59511985013459,154.825087295008,55.8250872950077,FALSE
11960,74.5,4.31079912538551,19.9153914234236,54.5846085765764,FALSE
11961,64.99,4.17423341190626,29.1272613740372,35.8627386259627,FALSE
11962,239.88,5.48013879830031,318.43440952345,78.5544095234505,FALSE
11963,199.99,5.298267365298,235.631236104897,35.641236104897,FALSE
11964,84.99,4.44253360251053,183.742063783806,98.7520637838065,FALSE
11965,269.99,5.59838492127545,327.454289800673,57.4642898006726,FALSE
11966,65,4.17438726989564,66.6603984275888,1.66039842758877,FALSE
11967,100,4.60517018598809,102.396736822745,2.39673682274493,FALSE
11968,240,5.48063892334199,316.180914710168,76.1809147101679,FALSE
11969,90,4.49980967033027,125.486878455256,35.4868784552556,FALSE
11970,100,4.60517018598809,88.7162696121594,11.2837303878406,FALSE
11971,150,5.01063529409626,127.888557620744,22.111442379256,FALSE
11972,89.99,4.49969855304586,102.52726058582,12.5372605858197,FALSE
11973,0.99,-0.0100503358535015,8.76889954571482,7.77889954571482,FALSE
11974,0.01,-4.60517018598809,331.014560939451,331.004560939451,FALSE
11975,48.99,3.89161619565048,15.7956850470774,33.1943149529226,FALSE
11976,225,5.41610040220442,215.109831892738,9.89016810726179,FALSE
11977,70,4.24849524204936,25.3184831498832,44.6815168501168,FALSE
11978,194,5.26785815906333,158.856742243742,35.1432577562579,FALSE
11979,1,0,50.4372997301997,49.4372997301997,FALSE
11980,129,4.85981240436167,190.365257436008,61.3652574360082,FALSE
11981,90,4.49980967033027,137.006829099251,47.0068290992514,FALSE
11982,80,4.38202663467388,90.6614508394771,10.6614508394771,FALSE
11983,1,0,120.658453145795,119.658453145795,FALSE
11984,139,4.93447393313069,248.834010694958,109.834010694958,FALSE
11985,0.99,-0.0100503358535015,95.8364184454944,94.8464184454944,FALSE
11986,179.99,5.19290129379139,243.196162185201,63.206162185201,FALSE
11987,100,4.60517018598809,151.583299566191,51.5832995661906,FALSE
11988,225,5.41610040220442,284.150707348291,59.1507073482911,FALSE
11989,0.99,-0.0100503358535015,127.487868535586,126.497868535586,FALSE
11990,100,4.60517018598809,187.678153918461,87.6781539184607,FALSE
11991,50,3.91202300542815,50.7505567615792,0.750556761579233,FALSE
11992,150,5.01063529409626,224.344478264527,74.3444782645271,FALSE
11993,1,0,340.067538462351,339.067538462351,FALSE
11994,419,6.03787091992214,448.198698973861,29.1986989738615,FALSE
11995,199,5.29330482472449,180.502183905401,18.4978160945988,FALSE
11996,95,4.55387689160054,78.9481756017277,16.0518243982723,FALSE
11997,550,6.30991827822652,458.649078680621,91.3509213193795,FALSE
11998,135,4.90527477843843,230.405573640997,95.405573640997,FALSE
11999,115,4.74493212836325,243.361658705334,128.361658705334,FALSE
12000,100,4.60517018598809,103.258193659039,3.25819365903864,FALSE
12001,85,4.44265125649032,97.8518568338349,12.8518568338349,FALSE
12002,0.1,-2.30258509299405,184.287075606105,184.187075606105,FALSE
12003,0.99,-0.0100503358535015,111.391445191427,110.401445191427,FALSE
12004,50,3.91202300542815,76.8577800814215,26.8577800814215,FALSE
12005,49.99,3.91182298542548,171.040609106303,121.050609106303,FALSE
12006,129.99,4.86745752441993,168.180536524853,38.190536524853,FALSE
12007,99,4.59511985013459,89.1042292268893,9.8957707731107,FALSE
12008,300,5.7037824746562,203.420534448401,96.5794655515991,FALSE
12009,150,5.01063529409626,188.097638893288,38.0976388932877,FALSE
12010,0.98,-0.0202027073175195,145.633948017932,144.653948017932,FALSE
12011,0.99,-0.0100503358535015,112.915727472169,111.925727472169,FALSE
12012,179.99,5.19290129379139,263.653234228595,83.6632342285947,FALSE
12013,235.99,5.4637894312465,253.435514667977,17.4455146679767,FALSE
12014,239.99,5.48059725580725,307.386371733602,67.3963717336019,FALSE
12015,85,4.44265125649032,98.2173233704443,13.2173233704443,FALSE
12016,190,5.24702407216049,256.379284083113,66.3792840831132,FALSE
12017,1,0,51.4292803295683,50.4292803295683,FALSE
12018,0.99,-0.0100503358535015,68.4896774429028,67.4996774429029,FALSE
12019,85,4.44265125649032,104.267341540731,19.2673415407313,FALSE
12020,70,4.24849524204936,61.2353931719985,8.7646068280015,FALSE
12021,70,4.24849524204936,89.4696957634988,19.4696957634988,FALSE
12022,40,3.68887945411394,75.6243003776825,35.6243003776825,FALSE
12023,19.99,2.99523214851231,52.3187232716866,32.3287232716866,FALSE
12024,160,5.07517381523383,203.069666310496,43.0696663104958,FALSE
12025,10,2.30258509299405,7.82007628266074,2.17992371733926,FALSE
12026,1,0,160.421036276317,159.421036276317,FALSE
12027,1,0,126.70436376844,125.70436376844,FALSE
12028,290,5.66988092298052,119.219869631359,170.780130368641,FALSE
12029,150,5.01063529409626,194.1923106346,44.1923106346004,FALSE
12030,0.99,-0.0100503358535015,61.4964406981481,60.5064406981481,FALSE
12031,1,0,218.739903485421,217.739903485421,FALSE
12032,259.99,5.5606431687374,250.087038820476,9.90296117952403,FALSE
12033,180,5.19295685089021,172.933530890895,7.06646910910513,FALSE
12034,288,5.66296048013595,289.623795395678,1.62379539567758,FALSE
12035,291.99,5.67671955510651,305.551016499292,13.5610164992924,FALSE
12036,289.79,5.66915652273497,345.337653510783,55.5476535107827,FALSE
12037,90,4.49980967033027,236.61755083905,146.61755083905,FALSE
12038,199.99,5.298267365298,249.293436486303,49.303436486303,FALSE
12039,150,5.01063529409626,196.797238641405,46.7972386414049,FALSE
12040,259,5.55682806169954,300.927503373597,41.9275033735969,FALSE
12041,150,5.01063529409626,138.573114256149,11.4268857438509,FALSE
12042,120,4.78749174278205,119.689186913888,0.310813086111693,FALSE
12043,499.99,6.21458809822219,374.855885439495,125.134114560505,FALSE
12044,93,4.53259949315326,106.55782974192,13.5578297419201,FALSE
12045,450,6.10924758276437,407.662782356482,42.3372176435179,FALSE
12046,139,4.93447393313069,97.4288083550071,41.5711916449929,FALSE
12047,520,6.25382881157547,517.586383337526,2.4136166624744,FALSE
12048,74.99,4.3173547713133,37.0920820396866,37.8979179603134,FALSE
12049,20,2.99573227355399,115.074873042248,95.0748730422485,FALSE
12050,249.99,5.52142091706223,272.393500755081,22.4035007550811,FALSE
12051,25,3.2188758248682,102.428507857809,77.4285078578087,FALSE
12052,175,5.16478597392351,221.277683777128,46.2776837771281,FALSE
12053,189,5.24174701505964,146.276009314458,42.7239906855418,FALSE
12054,169,5.12989871492307,257.283422473081,88.2834224730814,FALSE
12055,29.99,3.40086399276092,52.4212609289368,22.4312609289368,FALSE
12056,90,4.49980967033027,326.833927054932,236.833927054932,FALSE
12057,230,5.4380793089232,286.972983002213,56.9729830022125,FALSE
12058,249.98,5.52138091466208,201.327002214553,48.6529977854472,FALSE
12059,140,4.9416424226093,105.650255246122,34.3497447538776,FALSE
12060,145,4.97673374242057,238.163397108548,93.1633971085483,FALSE
12061,0.01,-4.60517018598809,122.277692366822,122.267692366822,FALSE
12062,1,0,136.700009252612,135.700009252612,FALSE
12063,195,5.27299955856375,160.979050958454,34.020949041546,FALSE
12064,250,5.52146091786225,250.922390904155,0.922390904154668,FALSE
12065,125,4.8283137373023,121.631877889512,3.36812211048839,FALSE
12066,179.99,5.19290129379139,139.308877322318,40.6811226776815,FALSE
12067,99.95,4.60467006094641,161.49133113353,61.5413311335301,FALSE
12068,1,0,38.7254966311,37.7254966311,FALSE
12069,559.99,6.3279189264269,387.462289049786,172.527710950214,FALSE
12070,290,5.66988092298052,256.07533931489,33.9246606851101,FALSE
12071,92.14,4.52330915950777,153.620395523204,61.4803955232044,FALSE
12072,99.99,4.60507018098776,98.1075319229961,1.88246807700389,FALSE
12073,79,4.36944785246702,38.8560203941748,40.1439796058252,FALSE
12074,290,5.66988092298052,243.781753978983,46.2182460210173,FALSE
12075,225,5.41610040220442,184.609633126144,40.3903668738564,FALSE
12076,9.99,2.30158459266046,115.779701362852,105.789701362852,FALSE
12077,171.95,5.14720373687828,226.630765571278,54.6807655712782,FALSE
12078,189.99,5.24697143919645,216.728186631736,26.7381866317355,FALSE
12079,199,5.29330482472449,255.073638557314,56.0736385573139,FALSE
12080,149.99,5.01056862520727,166.789206109542,16.799206109542,FALSE
12081,150,5.01063529409626,210.139574548303,60.1395745483027,FALSE
12082,99,4.59511985013459,128.866310190264,29.8663101902641,FALSE
12083,50,3.91202300542815,141.369234813911,91.3692348139112,FALSE
12084,0.01,-4.60517018598809,95.9311004628717,95.9211004628717,FALSE
12085,230,5.4380793089232,320.98132384275,90.9813238427504,FALSE
12086,92.14,4.52330915950777,154.011966812429,61.8719668124288,FALSE
12087,0.99,-0.0100503358535015,191.721702605606,190.731702605606,FALSE
12088,215,5.37063802812766,283.013959677718,68.0139596777178,FALSE
12089,99,4.59511985013459,111.106314009401,12.1063140094014,FALSE
12090,90,4.49980967033027,230.020732203025,140.020732203025,FALSE
12091,0.99,-0.0100503358535015,143.8126122344,142.8226122344,FALSE
12092,174.99,5.16472882943366,105.659830899615,69.3301691003849,FALSE
12093,150,5.01063529409626,95.907899349735,54.092100650265,FALSE
12094,95,4.55387689160054,131.099442192384,36.0994421923843,FALSE
12095,144.99,4.9766647745251,238.029778143093,93.0397781430931,FALSE
12096,9,2.19722457733622,417.346462531901,408.346462531901,FALSE
12097,99.99,4.60507018098776,279.582526766786,179.592526766786,FALSE
12098,150,5.01063529409626,230.202131611379,80.2021316113792,FALSE
12099,170,5.13579843705026,86.7651082548047,83.2348917451953,FALSE
12100,204,5.31811999384422,292.437321619606,88.4373216196055,FALSE
12101,189.99,5.24697143919645,217.32859594188,27.3385959418796,FALSE
12102,1,0,456.128562272807,455.128562272807,FALSE
12103,367.97,5.90800141310672,288.685031497599,79.2849685024012,FALSE
12104,370,5.91350300563827,401.619109893021,31.6191098930211,FALSE
12105,0.99,-0.0100503358535015,174.003325158681,173.013325158681,FALSE
12106,290,5.66988092298052,327.059921319843,37.0599213198428,FALSE
12107,0.99,-0.0100503358535015,269.888935547809,268.898935547809,FALSE
12108,329.99,5.79906235097108,181.870922089078,148.119077910922,FALSE
12109,259.99,5.5606431687374,346.668676941685,86.6786769416855,FALSE
12110,374.99,5.92689935894818,384.670721951539,9.68072195153871,FALSE
12111,200,5.29831736654804,255.908990640993,55.9089906409926,FALSE
12112,480,6.17378610390194,409.651353199706,70.3486468002937,FALSE
12113,200,5.29831736654804,333.178196224124,133.178196224124,FALSE
12114,75,4.31748811353631,91.8974377566902,16.8974377566902,FALSE
12115,200,5.29831736654804,131.13448441529,68.86551558471,FALSE
12116,99.99,4.60507018098776,106.286344962374,6.29634496237415,FALSE
12117,225,5.41610040220442,147.86356923102,77.1364307689796,FALSE
12118,30,3.40119738166216,106.338554467604,76.3385544676041,FALSE
12119,181,5.19849703126583,239.703577512831,58.7035775128311,FALSE
12120,259.99,5.5606431687374,248.446425631221,11.5435743687788,FALSE
12121,75,4.31748811353631,119.455258597366,44.4552585973663,FALSE
12122,469.99,6.15271141788201,335.050901895334,134.939098104666,FALSE
12123,5,1.6094379124341,129.936605047477,124.936605047477,FALSE
12124,50,3.91202300542815,127.174219022087,77.1742190220873,FALSE
12125,99.99,4.60507018098776,208.853190201672,108.863190201672,FALSE
12126,99,4.59511985013459,188.296429455146,89.2964294551459,FALSE
12127,200,5.29831736654804,335.717568414914,135.717568414914,FALSE
12128,165,5.10594547390058,199.929963117254,34.9299631172544,FALSE
12129,25,3.2188758248682,142.735962821241,117.735962821241,FALSE
12130,50,3.91202300542815,109.203989486406,59.2039894864063,FALSE
12131,389.99,5.96612109776931,399.783933913191,9.79393391319059,FALSE
12132,200,5.29831736654804,167.090401920992,32.9095980790081,FALSE
12133,144.99,4.9766647745251,207.75694436265,62.7669443626502,FALSE
12134,100,4.60517018598809,200.974966365403,100.974966365403,FALSE
12135,275,5.61677109766657,337.083817356397,62.083817356397,FALSE
12136,112,4.71849887129509,113.053065237489,1.05306523748924,FALSE
12137,74,4.30406509320417,161.06396735022,87.0639673502202,FALSE
12138,140,4.9416424226093,106.860649519903,33.1393504800967,FALSE
12139,0.99,-0.0100503358535015,323.98245198928,322.99245198928,FALSE
12140,129.95,4.8671497610875,118.569513163883,11.3804868361173,FALSE
12141,238,5.47227067367148,139.783829092245,98.2161709077552,FALSE
12142,185,5.22035582507832,240.303986822975,55.3039868229752,FALSE
12143,211.5,5.35422499848633,265.204335781121,53.704335781121,FALSE
12144,314.99,5.75254089228997,258.007091008397,56.982908991603,FALSE
12145,99,4.59511985013459,130.750462023028,31.7504620230283,FALSE
12146,0.99,-0.0100503358535015,250.06173234342,249.07173234342,FALSE
12147,50,3.91202300542815,145.662047625337,95.6620476253372,FALSE
12148,124.99,4.82823373410213,242.703072870205,117.713072870205,FALSE
12149,0.99,-0.0100503358535015,69.5352839574191,68.5452839574191,FALSE
12150,417,6.0330862217988,291.840082008466,125.159917991534,FALSE
12151,96,4.56434819146784,131.834703091407,35.834703091407,FALSE
12152,0.99,-0.0100503358535015,98.5823034449768,97.5923034449768,FALSE
12153,310,5.73657229747919,261.632765124622,48.3672348753778,FALSE
12154,350,5.85793315448346,421.943785936673,71.9437859366727,FALSE
12155,200,5.29831736654804,82.3133534331926,117.686646566807,FALSE
12156,40,3.68887945411394,50.2563121190308,10.2563121190308,FALSE
12157,107,4.67282883446191,205.911218432064,98.9112184320635,FALSE
12158,189.99,5.24697143919645,175.883712407192,14.1062875928083,FALSE
12159,379,5.93753620508243,411.183868295306,32.1838682953064,FALSE
12160,25,3.2188758248682,41.1271338716765,16.1271338716765,FALSE
12161,99.99,4.60507018098776,107.461058830047,7.47105883004744,FALSE
12162,199,5.29330482472449,271.324696941632,72.3246969416319,FALSE
12163,179,5.18738580584075,169.504413915506,9.49558608449428,FALSE
12164,50,3.91202300542815,274.606200769348,224.606200769348,FALSE
12165,265,5.57972982598622,345.94180416077,80.9418041607695,FALSE
12166,0.99,-0.0100503358535015,189.580171977766,188.590171977766,FALSE
12167,325,5.78382518232974,442.678925571834,117.678925571834,FALSE
12168,99,4.59511985013459,125.487832379563,26.4878323795632,FALSE
12169,121,4.79579054559674,104.779547219315,16.2204527806848,FALSE
12170,200,5.29831736654804,295.980551543512,95.9805515435118,FALSE
12171,179,5.18738580584075,261.164720043051,82.1647200430513,FALSE
12172,0.99,-0.0100503358535015,99.1043984972761,98.1143984972761,FALSE
12173,0.99,-0.0100503358535015,164.545268856286,163.555268856286,FALSE
12174,199.99,5.298267365298,342.27185217288,142.28185217288,FALSE
12175,199,5.29330482472449,247.284928620502,48.2849286205016,FALSE
12176,369.99,5.91347597824601,413.278600062198,43.2886000621976,FALSE
12177,10,2.30258509299405,280.64976327441,270.64976327441,FALSE
12178,410,6.01615715969835,351.227430914764,58.7725690852364,FALSE
12179,168,5.12396397940326,233.963368893594,65.9633688935945,FALSE
12180,150,5.01063529409626,184.077423301428,34.0774233014285,FALSE
12181,60,4.0943445622221,55.9703396062344,4.02966039376565,FALSE
12182,200,5.29831736654804,246.9725477884,46.9725477884003,FALSE
12183,149,5.00394630594546,131.742442622397,17.2575573776032,FALSE
12184,50,3.91202300542815,275.128295821647,225.128295821647,FALSE
12185,220,5.39362754635236,172.846335770056,47.1536642299436,FALSE
12186,249.99,5.52142091706223,221.584710149444,28.4052898505558,FALSE
12187,325,5.78382518232974,278.767967263304,46.2320327366958,FALSE
12188,150,5.01063529409626,121.618364329216,28.3816356707839,FALSE
12189,149,5.00394630594546,140.88588746694,8.11411253306011,FALSE
12190,50,3.91202300542815,117.588478190248,67.5884781902476,FALSE
12191,299,5.70044357339069,210.57610387426,88.4238961257402,FALSE
12192,300,5.7037824746562,225.647676155045,74.3523238449551,FALSE
12193,214.98,5.37054500054492,338.13733482562,123.15733482562,FALSE
12194,150.99,5.01721360945638,217.954354724133,66.9643547241329,FALSE
12195,199.99,5.298267365298,259.459632045477,59.4696320454772,FALSE
12196,89,4.48863636973214,94.038027471117,5.03802747111702,FALSE
12197,299.99,5.7037491407673,300.206303202551,0.216303202551046,FALSE
12198,90,4.49980967033027,154.383972675515,64.3839726755146,FALSE
12199,199,5.29330482472449,210.784941895179,11.7849418951795,FALSE
12200,75,4.31748811353631,135.385197815531,60.3851978155313,FALSE
12201,0.99,-0.0100503358535015,88.4132927923862,87.4232927923862,FALSE
12202,300,5.7037824746562,244.733064785578,55.2669352144225,FALSE
12203,289,5.66642668811243,142.885228430568,146.114771569432,FALSE
12204,250,5.52146091786225,132.120166713816,117.879833286184,FALSE
12205,0.99,-0.0100503358535015,231.125785102245,230.135785102245,FALSE
12206,200,5.29831736654804,343.86151505242,143.86151505242,FALSE
12207,179.99,5.19290129379139,176.153453449957,3.83654655004301,FALSE
12208,140,4.9416424226093,240.503027990114,100.503027990114,FALSE
12209,339,5.82600010738045,209.303169763262,129.696830236738,FALSE
12210,109,4.69134788222914,158.034088728316,49.034088728316,FALSE
12211,199.99,5.298267365298,267.181675941986,67.1916759419863,FALSE
12212,400,5.99146454710798,369.767835783512,30.2321642164879,FALSE
12213,0.99,-0.0100503358535015,100.17469335449,99.1846933544895,FALSE
12214,150,5.01063529409626,125.521486029141,24.4785139708592,FALSE
12215,0.01,-4.60517018598809,129.927988068746,129.917988068746,FALSE
12216,162,5.08759633523238,232.284282270141,70.2842822701414,FALSE
12217,149.95,5.01030190519502,71.8816263821812,78.0683736178188,FALSE
12218,172,5.14749447681345,225.611072711212,53.6110727112118,FALSE
12219,190.99,5.25222107065506,124.495793127151,66.494206872849,FALSE
12220,150,5.01063529409626,266.711897466875,116.711897466875,FALSE
12221,89.95,4.49925396039654,77.5541098561542,12.3958901438458,FALSE
12222,300,5.7037824746562,293.719624196743,6.28037580325724,FALSE
12223,350,5.85793315448346,268.920360610393,81.0796393896071,FALSE
12224,499.99,6.21458809822219,353.455569904953,146.534430095047,FALSE
12225,149.99,5.01056862520727,215.223454894251,65.2334548942513,FALSE
12226,180,5.19295685089021,177.6751578071,2.32484219290046,FALSE
12227,50,3.91202300542815,344.649267275356,294.649267275356,FALSE
12228,324.99,5.78379441262559,304.275794644994,20.7142053550057,FALSE
12229,58,4.06044301054642,73.9977802446597,15.9977802446597,FALSE
12230,197.97,5.28811550406344,252.224804695875,54.2548046958749,FALSE
12231,85,4.44265125649032,185.367927862692,100.367927862692,FALSE
12232,0.99,-0.0100503358535015,289.093806526571,288.103806526571,FALSE
12233,79.99,4.38190162686073,136.11695698018,56.1269569801795,FALSE
12234,0.99,-0.0100503358535015,57.0940116470149,56.1040116470149,FALSE
12235,98,4.58496747867057,183.509957966327,85.5099579663267,FALSE
12236,119.98,4.78732506222495,142.506801136777,22.5268011367768,FALSE
12237,0.99,-0.0100503358535015,318.341415174971,317.351415174971,FALSE
12238,350,5.85793315448346,405.117146743426,55.1171467434259,FALSE
12239,350,5.85793315448346,337.932320382415,12.0676796175845,FALSE
12240,0.99,-0.0100503358535015,74.658889259992,73.668889259992,FALSE
12241,169.99,5.13573961179068,118.919820573611,51.0701794263895,FALSE
12242,315,5.75257263882563,318.461956065871,3.46195606587071,FALSE
12243,100,4.60517018598809,158.844551781716,58.8445517817156,FALSE
12244,49.99,3.91182298542548,185.451537130303,135.461537130303,FALSE
12245,0.99,-0.0100503358535015,18.5774643885948,17.5874643885948,FALSE
12246,275,5.61677109766657,310.300433771256,35.3004337712564,FALSE
12247,255,5.54126354515843,266.274024223095,11.2740242230954,FALSE
12248,89.99,4.49969855304586,195.497811895612,105.507811895612,FALSE
12249,375,5.92692602597041,280.626014343453,94.3739856565467,FALSE
12250,344,5.8406416573734,334.356470956011,9.64352904398856,FALSE
12251,199,5.29330482472449,244.659996655047,45.6599966550467,FALSE
12252,350,5.85793315448346,89.2151147886078,260.784885211392,FALSE
12253,249.97,5.52134091066167,229.668015583045,20.3019844169555,FALSE
12254,45,3.80666248977032,20.3228366879855,24.6771633120145,FALSE
12255,588.18,6.37703302350169,447.863796040091,140.316203959909,FALSE
12256,375.99,5.92956254729154,392.11088917452,16.1208891745198,FALSE
12257,249,5.51745289646471,151.60137884791,97.3986211520896,FALSE
12258,494.5,6.20354715106277,248.201129792558,246.298870207442,FALSE
12259,155,5.04342511691925,166.568721599689,11.5687215996893,FALSE
12260,0.99,-0.0100503358535015,293.865586894019,292.875586894019,FALSE
12261,199.99,5.298267365298,173.273085945218,26.7169140547816,FALSE
12262,559.99,6.3279189264269,529.98955665604,30.0004433439597,FALSE
12263,0.99,-0.0100503358535015,172.43592554443,171.44592554443,FALSE
12264,99,4.59511985013459,109.910295931367,10.9102959313668,FALSE
12265,1,0,130.678531202651,129.678531202651,FALSE
12266,370,5.91350300563827,333.012777842193,36.9872221578073,FALSE
12267,450,6.10924758276437,380.999940363729,69.000059636271,FALSE
12268,178.99,5.18732993835841,183.033570906655,4.04357090665451,FALSE
12269,158.99,5.06884130716062,214.751694590569,55.761694590569,FALSE
12270,249,5.51745289646471,201.754117427824,47.2458825721756,FALSE
12271,1,0,223.511462547476,222.511462547476,FALSE
12272,300,5.7037824746562,413.162375088259,113.162375088259,FALSE
12273,175,5.16478597392351,119.46470500567,55.5352949943296,FALSE
12274,174.99,5.16472882943366,110.786293251748,64.2037067482525,FALSE
12275,199.99,5.298267365298,185.395386088477,14.5946139115231,FALSE
12276,249.99,5.52142091706223,269.546311914663,19.5563119146634,FALSE
12277,399.99,5.99143954679548,457.126671212268,57.1366712122675,FALSE
12278,199.99,5.298267365298,230.640700544343,30.6507005443432,FALSE
12279,175,5.16478597392351,212.86676492027,37.8667649202704,FALSE
12280,279.99,5.63475388824576,159.231992082374,120.758007917626,FALSE
12281,449.99,6.10922536029523,433.96962411342,16.0203758865795,FALSE
12282,588.18,6.37703302350169,448.568624360695,139.611375639305,FALSE
12283,230,5.4380793089232,240.9621530718,10.9621530718002,FALSE
12284,625,6.4377516497364,486.727366155763,138.272633844237,FALSE
12285,165,5.10594547390058,110.698048154303,54.3019518456974,FALSE
12286,595,6.38856140554563,555.665153881307,39.3348461186933,FALSE
12287,199,5.29330482472449,282.033156589227,83.0331565892272,FALSE
12288,334.95,5.81398126695428,300.570998134622,34.3790018653776,FALSE
12289,300,5.7037824746562,269.037480083029,30.9625199169715,FALSE
12290,175,5.16478597392351,204.260720431327,29.2607204313267,FALSE
12291,250,5.52146091786225,205.777449752617,44.2225502473832,FALSE
12292,347.24,5.85001618352361,392.711811362325,45.4718113623255,FALSE
12293,214.95,5.37040544294229,244.245804467834,29.2958044678344,FALSE
12294,300,5.7037824746562,269.229297676775,30.7707023232246,FALSE
12295,160,5.07517381523383,263.765001415888,103.765001415888,FALSE
12296,549.99,6.30990009624304,486.274100773434,63.7158992265663,FALSE
12297,150,5.01063529409626,134.718384420502,15.2816155794976,FALSE
12298,249.99,5.52142091706223,301.751322399094,51.7613223990944,FALSE
12299,150,5.01063529409626,220.695353748704,70.6953537487039,FALSE
12300,509.99,6.234391117683,508.612711417494,1.37728858250637,FALSE
12301,100,4.60517018598809,230.345799074115,130.345799074115,FALSE
12302,429.99,6.06376195260323,448.190939572431,18.2009395724305,FALSE
12303,279.99,5.63475388824576,224.346814631154,55.6431853688456,FALSE
12304,320.99,5.77140996999679,373.610022095835,52.6200220958353,FALSE
12305,90,4.49980967033027,183.999446753408,93.9994467534082,FALSE
12306,450,6.10924758276437,302.256750758497,147.743249241503,FALSE
12307,99,4.59511985013459,160.515255949073,61.5152559490732,FALSE
12308,0.01,-4.60517018598809,151.015748552946,151.005748552946,FALSE
12309,164.99,5.10588486600335,200.997727020746,36.0077270207461,FALSE
12310,0.99,-0.0100503358535015,196.031674755248,195.041674755248,FALSE
12311,499.99,6.21458809822219,629.935637552156,129.945637552156,FALSE
12312,319.99,5.76828974530548,322.661375360638,2.67137536063763,FALSE
12313,590,6.38012253689976,575.11386601254,14.8861339874602,FALSE
12314,258.98,5.55675083864069,334.265805967711,75.2858059677108,FALSE
12315,169,5.12989871492307,91.6436614148096,77.3563385851904,FALSE
12316,249.99,5.52142091706223,108.732688982944,141.257311017056,FALSE
12317,645.99,6.47078402378663,620.853591660156,25.1364083398444,FALSE
12318,211.95,5.35635039779865,217.276477837022,5.32647783702234,FALSE
12319,245.19,5.50203342019615,274.142096394547,28.9520963945469,FALSE
12320,445.95,6.10020683811222,467.498728614593,21.5487286145933,FALSE
12321,419.95,6.04013565657164,433.71295400485,13.7629540048497,FALSE
12322,0.99,-0.0100503358535015,221.302320242954,220.312320242954,FALSE
12323,389,5.96357934361845,445.594438670792,56.5944386707924,FALSE
12324,130,4.86753445045558,261.708855366001,131.708855366001,FALSE
12325,112.99,4.72729931922115,162.605083334625,49.6150833346249,FALSE
12326,375,5.92692602597041,333.747795675388,41.2522043246116,FALSE
12327,217,5.37989735354046,291.541335169798,74.5413351697981,FALSE
12328,499.99,6.21458809822219,463.708337853557,36.2816621464433,FALSE
12329,299.99,5.7037491407673,215.967736161404,84.0222638385959,FALSE
12330,549,6.30809844150953,524.97402832756,24.0259716724404,FALSE
12331,225,5.41610040220442,167.178579246671,57.8214207533288,FALSE
12332,0.99,-0.0100503358535015,135.632050762026,134.642050762026,FALSE
12333,279.99,5.63475388824576,246.457159543143,33.5328404568567,FALSE
12334,438.99,6.08447663377244,457.074314862948,18.0843148629484,FALSE
12335,370,5.91350300563827,310.653918151806,59.346081848194,FALSE
12336,415,6.0282785202307,265.136909773132,149.863090226868,FALSE
12337,96,4.56434819146784,163.281437693182,67.2814376931825,FALSE
12338,385,5.95324333428778,334.89232003047,50.1076799695302,FALSE
12339,255,5.54126354515843,195.891319804937,59.1086801950632,FALSE
12340,0.99,-0.0100503358535015,305.257546337291,304.267546337291,FALSE
12341,175,5.16478597392351,186.680364924975,11.680364924975,FALSE
12342,215,5.37063802812766,239.329763108947,24.3297631089474,FALSE
12343,285,5.65248918026865,342.053047717865,57.0530477178645,FALSE
12344,425,6.05208916892442,258.231721636344,166.768278363656,FALSE
12345,399.94,5.99131453585686,425.961273824915,26.0212738249147,FALSE
12346,300,5.7037824746562,340.725528912216,40.7255289122164,FALSE
12347,101,4.61512051684126,240.659918979452,139.659918979452,FALSE
12348,0.01,-4.60517018598809,292.150182683826,292.140182683826,FALSE
12349,329,5.79605775076537,410.675227479836,81.6752274798359,FALSE
12350,280,5.63478960316925,229.629446712382,50.370553287618,FALSE
12351,649.99,6.47695697815595,532.312879638772,117.677120361228,FALSE
12352,350,5.85793315448346,454.521596540133,104.521596540133,FALSE
12353,0.99,-0.0100503358535015,170.818925737929,169.828925737929,FALSE
12354,0.99,-0.0100503358535015,465.886583282121,464.896583282121,FALSE
12355,325,5.78382518232974,512.444694023339,187.444694023339,FALSE
12356,265.99,5.58345871409007,268.990043577521,3.00004357752084,FALSE
12357,200,5.29831736654804,204.288802052471,4.28880205247128,FALSE
12358,174.99,5.16472882943366,245.942613387807,70.9526133878068,FALSE
12359,159.99,5.07511131328062,273.779915628598,113.789915628598,FALSE
12360,102,4.62497281328427,262.545351191531,160.545351191531,FALSE
12361,350,5.85793315448346,269.805702732192,80.1942972678083,FALSE
12362,165,5.10594547390058,242.735451426993,77.7354514269925,FALSE
12363,799,6.68336094576627,674.097710396749,124.902289603251,FALSE
12364,595,6.38856140554563,373.496205762965,221.503794237035,FALSE
12365,280,5.63478960316925,263.776241336304,16.2237586636965,FALSE
12366,125,4.8283137373023,199.998959269302,74.9989592693017,FALSE
12367,165,5.10594547390058,112.838637868729,52.1613621312705,FALSE
12368,190.45,5.24938969292461,252.268127392254,61.8181273922538,FALSE
12369,419.99,6.04023090147015,359.574202127766,60.415797872234,FALSE
12370,319.99,5.76828974530548,401.039386188292,81.0493861882918,FALSE
12371,399.95,5.99133953929483,340.553689793479,59.396310206521,FALSE
12372,449,6.10702288774225,579.838888460958,130.838888460958,FALSE
12373,91,4.51085950651685,182.592830248086,91.5928302480859,FALSE
12374,0.99,-0.0100503358535015,211.863554366363,210.873554366363,FALSE
12375,170,5.13579843705026,208.611070144223,38.6110701442229,FALSE
12376,228.88,5.43319784874185,288.87943881501,59.9994388150103,FALSE
12377,150.99,5.01721360945638,222.944196687601,71.9541966876007,FALSE
12378,650,6.47697236288968,505.401280560407,144.598719439593,FALSE
12379,147.72,4.99531858998436,234.221248349601,86.5012483496014,FALSE
12380,179.99,5.19290129379139,253.307569451634,73.3175694516341,FALSE
12381,115,4.74493212836325,237.982389084076,122.982389084076,FALSE
12382,271,5.6021188208797,336.040929145528,65.0409291455281,FALSE
12383,200,5.29831736654804,247.430261890481,47.4302618904806,FALSE
12384,189.95,5.24676087963363,270.001701269954,80.0517012699543,FALSE
12385,400,5.99146454710798,338.616862253976,61.383137746024,FALSE
12386,349.99,5.85790458264672,298.530213297837,51.4597867021632,FALSE
12387,650,6.47697236288968,547.145890474707,102.854109525293,FALSE
12388,179,5.18738580584075,140.814549380991,38.1854506190088,FALSE
12389,315,5.75257263882563,312.063574793014,2.93642520698609,FALSE
12390,680,6.52209279817015,622.759238601048,57.2407613989524,FALSE
12391,149.99,5.01056862520727,147.792921922181,2.19707807781901,FALSE
12392,0.01,-4.60517018598809,132.920959248597,132.910959248597,FALSE
12393,280,5.63478960316925,291.153332969581,11.1533329695814,FALSE
12394,599.99,6.39691298841059,660.266379630435,60.2763796304355,FALSE
12395,795,6.67834211465433,718.726029453564,76.2739705464362,FALSE
12396,329.99,5.79906235097108,376.011659336412,46.0216593364119,FALSE
12397,275,5.61677109766657,254.504060246119,20.4959397538814,FALSE
12398,324.99,5.78379441262559,303.848640078582,21.141359921418,FALSE
12399,154,5.03695260241363,259.284480421512,105.284480421512,FALSE
12400,299.95,5.7036157940991,279.026605378281,20.9233946217188,FALSE
12401,284,5.64897423816121,355.65795737845,71.6579573784501,FALSE
12402,199.99,5.298267365298,231.901064107688,31.9110641076882,FALSE
12403,35,3.55534806148941,124.260110036348,89.2601100363485,FALSE
12404,499.99,6.21458809822219,491.115668969471,8.87433103052888,FALSE
12405,250,5.52146091786225,219.08200994838,30.9179900516197,FALSE
12406,0.99,-0.0100503358535015,132.96106158535,131.97106158535,FALSE
12407,159.99,5.07511131328062,225.266894728156,65.2768947281559,FALSE
12408,70,4.24849524204936,177.488533663638,107.488533663638,FALSE
12409,165,5.10594547390058,239.967461995036,74.9674619950356,FALSE
12410,249.99,5.52142091706223,254.152469774637,4.16246977463709,FALSE
12411,229.99,5.43803582971712,230.649289965899,0.659289965899319,FALSE
12412,749.95,6.62000653764137,622.950885131428,126.999114868572,FALSE
12413,99,4.59511985013459,329.053262123738,230.053262123738,FALSE
12414,740,6.60665018619822,579.59278569067,160.40721430933,FALSE
12415,320,5.76832099579377,400.291924725054,80.2919247250537,FALSE
12416,149,5.00394630594546,220.416915240652,71.4169152406522,FALSE
12417,426.3,6.05514332377116,323.452927473897,102.847072526103,FALSE
12418,679.99,6.52207809217967,389.406658383121,290.583341616879,FALSE
12419,279.99,5.63475388824576,256.096320599757,23.893679400243,FALSE
12420,200,5.29831736654804,211.504758733889,11.5047587338888,FALSE
12421,689.99,6.53667710473266,516.010167683882,173.979832316118,FALSE
12422,460,6.13122648948314,388.060135623816,71.9398643761841,FALSE
12423,789.99,6.6720202871531,623.620695437342,166.369304562658,FALSE
12424,634.99,6.45360925073719,630.054793669105,4.93520633089463,FALSE
12425,899.99,6.80238365215147,675.716205058876,224.273794941124,FALSE
12426,324.99,5.78379441262559,312.399224509944,12.5907754900563,FALSE
12427,549.99,6.30990009624304,559.337552727537,9.34755272753728,FALSE
12428,285,5.65248918026865,357.091577908346,72.0915779083456,FALSE
12429,389,5.96357934361845,122.258335432768,266.741664567232,FALSE
12430,295.95,5.69019052113673,337.266795246812,41.3167952468123,FALSE
12431,399.95,5.99133953929483,405.78369789323,5.83369789323041,FALSE
12432,0.99,-0.0100503358535015,196.284483755324,195.294483755324,FALSE
12433,300,5.7037824746562,255.690764339178,44.309235660822,FALSE
12434,130,4.86753445045558,212.735907249794,82.7359072497944,FALSE
12435,550,6.30991827822652,497.67611118441,52.3238888155905,FALSE
12436,424.65,6.05126530022602,510.320618109109,85.670618109109,FALSE
12437,90,4.49980967033027,159.858768618782,69.8587686187816,FALSE
12438,475,6.16331480403464,463.788437916861,11.2115620831394,FALSE
12439,659.49,6.49146680904014,506.861815029327,152.628184970673,FALSE
12440,177.99,5.18172736893866,241.888028865214,63.8980288652136,FALSE
12441,204,5.31811999384422,291.312128801116,87.3121288011164,FALSE
12442,406,6.00635315960173,291.338233553731,114.661766446269,FALSE
12443,285,5.65248918026865,235.422244709237,49.5777552907632,FALSE
12444,229,5.43372200355424,239.402233308528,10.4022333085283,FALSE
12445,394.99,5.97886044812496,419.77101684205,24.7810168420505,FALSE
12446,450,6.10924758276437,459.998047155824,9.998047155824,FALSE
12447,50,3.91202300542815,112.262507426802,62.2625074268016,FALSE
12448,7.99,2.07819075977818,140.518422196849,132.528422196849,FALSE
12449,465.99,6.14416417466793,383.740805964741,82.2491940352585,FALSE
12450,470,6.1527326947041,298.251504627669,171.748495372331,FALSE
12451,445,6.09807428216624,510.712189398333,65.7121893983334,FALSE
12452,358.24,5.88120315285044,422.13796640018,63.8979664001803,FALSE
12453,749.95,6.62000653764137,630.811831494939,119.138168505061,FALSE
12454,320,5.76832099579377,266.099564319035,53.900435680965,FALSE
12455,639.99,6.46145255123165,338.78160577372,301.20839422628,FALSE
12456,0.99,-0.0100503358535015,433.777833720198,432.787833720198,FALSE
12457,399.99,5.99143954679548,446.863914220908,46.8739142209083,FALSE
12458,639.99,6.46145255123165,610.730418538036,29.2595814619643,FALSE
12459,154.99,5.04336059870896,251.482246476349,96.4922464763494,FALSE
12460,408.6,6.01273668238352,331.881925612475,76.718074387525,FALSE
12461,0.99,-0.0100503358535015,398.310422724328,397.320422724328,FALSE
12462,345,5.84354441703136,364.597270169879,19.5972701698793,FALSE
12463,249,5.51745289646471,139.051773354586,109.948226645414,FALSE
12464,399,5.98896141688986,295.760610915789,103.239389084211,FALSE
12465,249,5.51745289646471,227.933138188677,21.0668618113228,FALSE
12466,38.99,3.66330520299451,276.016543454874,237.026543454874,FALSE
12467,0.99,-0.0100503358535015,237.502028758867,236.512028758867,FALSE
12468,800,6.68461172766793,563.265878563422,236.734121436578,FALSE
12469,500,6.21460809842219,413.346379022421,86.6536209775792,FALSE
12470,210,5.34710753071747,171.647909353301,38.352090646699,FALSE
12471,9.99,2.30158459266046,94.8704763317396,84.8804763317396,FALSE
12472,450,6.10924758276437,357.107319335022,92.8926806649784,FALSE
12473,475,6.16331480403464,226.853283456768,248.146716543232,FALSE
12474,190,5.24702407216049,236.840629839609,46.8406298396089,FALSE
12475,43.2,3.76584049525006,332.2734969017,289.0734969017,FALSE
12476,450,6.10924758276437,242.827799959352,207.172200040648,FALSE
12477,118.84,4.77777805059441,332.325706406929,213.485706406929,FALSE
12478,99.46,4.59975555328659,332.351811159544,232.891811159544,FALSE
12479,5.65,1.73165554515835,332.377915912159,326.727915912159,FALSE
12480,14.99,2.70738331211451,332.404020664774,317.414020664774,FALSE
12481,7.99,2.07819075977818,332.430125417389,324.440125417389,FALSE
12482,137.95,4.92689130066329,332.456230170004,194.506230170004,FALSE
12483,79.95,4.38140143927996,332.482334922619,252.532334922619,FALSE
12484,450,6.10924758276437,126.37459499816,323.62540500184,FALSE
12485,116.33,4.75643097982868,332.534544427849,216.204544427849,FALSE
12486,149,5.00394630594546,215.777733095765,66.7777330957646,FALSE
12487,100,4.60517018598809,88.1383205292746,11.8616794707254,FALSE
12488,334,5.8111409929767,403.880194578836,69.8801945788357,FALSE
12489,339.5,5.82747394699875,447.699266304587,108.199266304587,FALSE
12490,280,5.63478960316925,376.389061418621,96.3890614186213,FALSE
12491,120,4.78749174278205,116.075627192985,3.92437280701527,FALSE
12492,235,5.45958551414416,204.00223037501,30.9977696249896,FALSE
12493,55,4.00733318523247,71.1616363504242,16.1616363504242,FALSE
12494,400,5.99146454710798,489.532752552705,89.5327525527046,FALSE
12495,485,6.18414889093748,493.491201457433,8.49120145743268,FALSE
12496,299,5.70044357339069,172.986860343832,126.013139656168,FALSE
12497,399,5.98896141688986,309.037800282845,89.9621997171547,FALSE
12498,0.99,-0.0100503358535015,132.93523577179,131.94523577179,FALSE
12499,250,5.52146091786225,124.17595172024,125.82404827976,FALSE
12500,599.99,6.39691298841059,229.24989847828,370.74010152172,FALSE
12501,729.99,6.59303083541847,419.566549548905,310.423450451095,FALSE
12502,240,5.48063892334199,229.30210798351,10.6978920164898,FALSE
12503,879.99,6.77991054377132,515.455026143576,364.534973856424,FALSE
12504,300,5.7037824746562,298.445442317181,1.55455768281854,FALSE
12505,160,5.07517381523383,218.766439011252,58.7664390112516,FALSE
12506,599.99,6.39691298841059,355.692169618865,244.297830381135,FALSE
12507,17.75,2.87638551592142,209.140312227132,191.390312227132,FALSE
12508,599.99,6.39691298841059,399.537346097231,200.452653902769,FALSE
12509,729.99,6.59303083541847,495.399717939287,234.590282060713,FALSE
12510,189.99,5.24697143919645,256.701187291579,66.7111872915791,FALSE
12511,310,5.73657229747919,308.934468326568,1.06553167343179,FALSE
12512,95,4.55387689160054,213.046031577812,118.046031577812,FALSE
12513,204.95,5.32276604695035,273.569734643344,68.619734643344,FALSE
12514,399.99,5.99143954679548,492.639442610724,92.6494426107243,FALSE
12515,100,4.60517018598809,207.64118747725,107.64118747725,FALSE
12516,155,5.04342511691925,210.058607131859,55.0586071318594,FALSE
12517,250,5.52146091786225,306.955105639762,56.9551056397625,FALSE
12518,250,5.52146091786225,248.588944116646,1.41105588335435,FALSE
12519,275,5.61677109766657,379.462096326074,104.462096326074,FALSE
12520,235,5.45958551414416,198.256306237725,36.743693762275,FALSE
12521,309.98,5.7365077792689,332.013660779541,22.0336607795406,FALSE
12522,500,6.21460809842219,511.763212991921,11.7632129919211,FALSE
12523,275,5.61677109766657,302.386902654338,27.3869026543375,FALSE
12524,250,5.52146091786225,346.538455523151,96.5384555231509,FALSE
12525,300,5.7037824746562,287.292666538622,12.707333461378,FALSE
12526,300,5.7037824746562,278.037738578645,21.9622614213545,FALSE
12527,550,6.30991827822652,454.382894229696,95.6171057703037,FALSE
12528,255,5.54126354515843,206.05969318269,48.9403068173098,FALSE
12529,299,5.70044357339069,340.592484364639,41.5924843646393,FALSE
12530,750,6.62007320653036,452.634165283906,297.365834716094,FALSE
12531,180,5.19295685089021,233.781860279695,53.7818602796947,FALSE
12532,225,5.41610040220442,191.26306949297,33.7369305070297,FALSE
12533,420,6.04025471127741,484.445810178591,64.4458101785908,FALSE
12534,239,5.47646355193151,287.353238540344,48.3532385403436,FALSE
12535,182.77,5.20822853176635,260.399787020874,77.6297870208743,FALSE
12536,279,5.63121178182137,347.091264972552,68.091264972552,FALSE
12537,299.99,5.7037491407673,293.140502991608,6.84949700839235,FALSE
12538,280,5.63478960316925,340.113270553462,60.1132705534621,FALSE
12539,350,5.85793315448346,372.953987454053,22.9539874540532,FALSE
12540,220,5.39362754635236,282.681270744376,62.6812707443758,FALSE
12541,579.99,6.36301086201252,530.482131129316,49.5078688706835,FALSE
12542,120,4.78749174278205,138.816985160339,18.8169851603388,FALSE
12543,190,5.24702407216049,273.819216799068,83.8192167990675,FALSE
12544,510,6.23441072571837,386.50415723018,123.49584276982,FALSE
12545,250,5.52146091786225,215.309423321211,34.6905766787893,FALSE
12546,300,5.7037824746562,235.15206964595,64.8479303540496,FALSE
12547,400,5.99146454710798,307.738248218211,92.2617517817887,FALSE
12548,820,6.7093043402583,544.05953371642,275.94046628358,FALSE
12549,149.99,5.01056862520727,227.316760017566,77.3267600175658,FALSE
12550,105,4.65396035015752,190.552331504925,85.5523315049247,FALSE
12551,100,4.60517018598809,86.1292726736364,13.8707273263636,FALSE
12552,119,4.77912349311153,213.688602704781,94.6886027047805,FALSE
12553,69,4.23410650459726,60.5740147776793,8.42598522232071,FALSE
12554,80,4.38202663467388,139.058716601501,59.0587166015009,FALSE
12555,50,3.91202300542815,47.2970225775352,2.70297742246483,FALSE
12556,49,3.89182029811063,22.4488831246193,26.5511168753807,FALSE
12557,150,5.01063529409626,365.640222048835,215.640222048835,FALSE
12558,70,4.24849524204936,15.194598853715,54.805401146285,FALSE
12559,0.5,-0.693147180559945,71.1916650736107,70.6916650736107,FALSE
12560,79.95,4.38140143927996,120.7669395561,40.8169395561001,FALSE
12561,119.99,4.7874084059763,176.535089494048,56.5450894940482,FALSE
12562,99.99,4.60507018098776,177.368421634409,77.3784216344093,FALSE
12563,35,3.55534806148941,44.583510747899,9.58351074789896,FALSE
12564,20,2.99573227355399,200.316109935127,180.316109935127,FALSE
12565,99.95,4.60467006094641,258.519887414099,158.569887414099,FALSE
12566,10,2.30258509299405,48.2778282959084,38.2778282959084,FALSE
12567,1,0,72.6293705495824,71.6293705495824,FALSE
12568,0.99,-0.0100503358535015,15.4556463798646,14.4656463798646,FALSE
12569,0.99,-0.0100503358535015,190.422244775133,189.432244775133,FALSE
12570,20,2.99573227355399,53.3120804023472,33.3120804023472,FALSE
12571,59.99,4.094177881665,15.8069741823633,44.1830258176367,FALSE
12572,30,3.40119738166216,25.0488056884079,4.95119431159209,FALSE
12573,9.5,2.2512917986065,76.1431672107503,66.6431672107503,FALSE
12574,139.99,4.94157099148673,146.228547148751,6.2385471487506,FALSE
12575,90,4.49980967033027,168.938366502062,78.9383665020622,FALSE
12576,229,5.43372200355424,266.788610741695,37.7886107416953,FALSE
12577,0.99,-0.0100503358535015,28.5758713990426,27.5858713990426,FALSE
12578,63,4.14313472639153,212.558538879058,149.558538879058,FALSE
12579,35,3.55534806148941,64.4072663497756,29.4072663497756,FALSE
12580,65,4.17438726989564,118.293487374237,53.2934873742372,FALSE
12581,0.99,-0.0100503358535015,23.1015019399934,22.1115019399934,FALSE
12582,29.99,3.40086399276092,-41.7625349225814,71.7525349225814,FALSE
12583,30,3.40119738166216,80.5381381458986,50.5381381458986,FALSE
12584,75,4.31748811353631,176.203513199917,101.203513199917,FALSE
12585,99.95,4.60467006094641,53.9432041095933,46.0067958904067,FALSE
12586,0.99,-0.0100503358535015,48.106269908599,47.116269908599,FALSE
12587,89,4.48863636973214,121.999546089894,32.9995460898943,FALSE
12588,20,2.99573227355399,47.8314458204512,27.8314458204512,FALSE
12589,149.99,5.01056862520727,28.9366323910203,121.05336760898,FALSE
12590,75,4.31748811353631,54.0737278726681,20.9262721273319,FALSE
12591,50,3.91202300542815,19.4463364017046,30.5536635982954,FALSE
12592,99.99,4.60507018098776,92.8084979412019,7.18150205879806,FALSE
12593,350,5.85793315448346,388.637818183717,38.6378181837173,FALSE
12594,49.99,3.91182298542548,65.9101571781142,15.9201571781142,FALSE
12595,9.99,2.30158459266046,15.457377258107,5.46737725810701,FALSE
12596,1,0,41.004978227018,40.004978227018,FALSE
12597,0.01,-4.60517018598809,79.0829962626223,79.0729962626223,FALSE
12598,106.95,4.67236143552841,121.493337138331,14.543337138331,FALSE
12599,20,2.99573227355399,30.6767078958679,10.6767078958679,FALSE
12600,220,5.39362754635236,245.120435817233,25.1204358172331,FALSE
12601,85,4.44265125649032,39.6624522007753,45.3375477992247,FALSE
12602,49.99,3.91182298542548,217.250997783783,167.260997783783,FALSE
12603,99.99,4.60507018098776,188.123487918841,88.1334879188412,FALSE
12604,125,4.8283137373023,133.057460456115,8.0574604561148,FALSE
12605,0.99,-0.0100503358535015,48.6022602082833,47.6122602082833,FALSE
12606,0.01,-4.60517018598809,23.7541207553674,23.7441207553674,FALSE
12607,79.99,4.38190162686073,150.686963790574,70.6969637905739,FALSE
12608,0.99,-0.0100503358535015,28.6755060003241,27.6855060003241,FALSE
12609,110,4.70048036579242,34.0387797215626,75.9612202784374,FALSE
12610,114.48,4.7404001352482,158.032487745739,43.552487745739,FALSE
12611,10,2.30258509299405,130.747478108617,120.747478108617,FALSE
12612,9.99,2.30158459266046,54.4084800121756,44.4184800121756,FALSE
12613,200,5.29831736654804,181.956870920796,18.0431290792041,FALSE
12614,99.99,4.60507018098776,165.350358675263,65.3603586752628,FALSE
12615,150,5.01063529409626,149.20785372382,0.792146276180063,FALSE
12616,69.99,4.24835237470145,113.045953183768,43.0559531837679,FALSE
12617,139.99,4.94157099148673,152.573897028617,12.5838970286171,FALSE
12618,119.99,4.7874084059763,164.436500003679,44.4465000036787,FALSE
12619,80,4.38202663467388,187.654726046517,107.654726046517,FALSE
12620,49.99,3.91182298542548,139.109206302965,89.1192063029647,FALSE
12621,0.99,-0.0100503358535015,21.2908286570836,20.3008286570836,FALSE
12622,145,4.97673374242057,113.316389615184,31.6836103848159,FALSE
12623,10.99,2.39698576841553,44.9428451011487,33.9528451011487,FALSE
12624,109.99,4.70038945256903,158.397954282348,48.4079542823485,FALSE
12625,999.99,6.90774527893214,147.972218228471,852.017781771529,FALSE
12626,85,4.44265125649032,164.645338024598,79.6453380245984,FALSE
12627,85,4.44265125649032,93.5637916786619,8.56379167866187,FALSE
12628,99.99,4.60507018098776,136.224262595959,36.2342625959588,FALSE
12629,249.99,5.52142091706223,294.524771629726,44.5347716297262,FALSE
12630,200,5.29831736654804,154.031957797157,45.9680422028433,FALSE
12631,109.99,4.70038945256903,175.346142893096,65.3561428930958,FALSE
12632,554.77,6.31855361343864,336.371943062248,218.398056937752,FALSE
12633,549.99,6.30990009624304,628.720035459334,78.7300354593342,FALSE
12634,700,6.5510803350434,281.731963904167,418.268036095833,FALSE
12635,0.99,-0.0100503358535015,291.012022146454,290.022022146454,FALSE
12636,229,5.43372200355424,293.303568692038,64.3035686920377,FALSE
12637,179,5.18738580584075,307.058514899567,128.058514899567,FALSE
12638,219.99,5.39358209077382,289.539765438798,69.5497654387984,FALSE
12639,49.99,3.91182298542548,70.0986110726878,20.1086110726878,FALSE
12640,149.95,5.01030190519502,290.271628828529,140.321628828529,FALSE
12641,289.98,5.66981195508505,264.743835491112,25.2361645088876,FALSE
12642,72,4.27666611901606,134.049441055483,62.0494410554833,FALSE
12643,55,4.00733318523247,66.9611075460428,11.9611075460428,FALSE
12644,89.95,4.49925396039654,242.164336152087,152.214336152087,FALSE
12645,199,5.29330482472449,255.361443078586,56.3614430785864,FALSE
12646,100,4.60517018598809,232.867693765977,132.867693765977,FALSE
12647,199,5.29330482472449,255.413652583816,56.4136525838163,FALSE
12648,99.98,4.60497016598542,162.543933840413,62.5639338404128,FALSE
12649,99.98,4.60497016598542,172.594427516096,72.614427516096,FALSE
12650,169.99,5.13573961179068,265.805765797781,95.8157657977815,FALSE
12651,188.88,5.24111189277726,304.617770717074,115.737770717074,FALSE
12652,439.99,6.08675199938131,447.006029138547,7.01602913854708,FALSE
12653,50,3.91202300542815,78.6314959860814,28.6314959860814,FALSE
12654,104,4.64439089914137,167.18814283741,63.1881428374101,FALSE
12655,95,4.55387689160054,260.056781731231,165.056781731231,FALSE
12656,199.99,5.298267365298,189.549957166247,10.4400428337526,FALSE
12657,149.99,5.01056862520727,230.04085518486,80.0508551848601,FALSE
12658,7.99,2.07819075977818,362.008055086563,354.018055086563,FALSE
12659,139,4.93447393313069,345.449986405744,206.449986405744,FALSE
