"UniqueID","startprice","startprice.log.predict."
10001,159.99,5.28924780237424
10002,0.99,0.66903244739769
10003,199.99,5.33333287784956
10004,235,5.51688136911384
10005,199.99,5.69734245843107
10006,175,5.0962254336365
10007,100,4.41720683849922
10008,329.99,5.88255648614563
10009,0.99,0.69292491807218
10010,150,5.2593907498787
10011,199.99,5.30858283883956
10012,99.99,4.53051131158125
10013,20,3.19635171628512
10014,75,4.27616848007029
10015,199.99,5.32124559262421
10016,344.95,5.91007881232242
10017,184.5,5.27668093326008
10018,209.98,5.43085435939711
10019,375,5.91730163888052
10020,95,4.58410168023557
10021,125,4.97748196409796
10022,187.5,5.317399828044
10023,129.99,5.38216155230588
10024,329.99,5.15867574210429
10025,149,6.01454453461212
10026,238.8,5.28846642344304
10027,84.99,4.50930221617026
10028,249.99,5.31397688545793
10029,309.99,5.44229392956837
10030,319.95,5.8373499225571
10031,185,5.22194633743805
10032,90,4.51432550498231
10033,299.98,5.71067617192901
10034,49,4.06889482014954
10035,444.99,5.91398181892823
10036,480,6.01526546402062
10037,225,5.4517163057268
10038,79,4.38377840859713
10039,189.85,5.31612148492308
10040,159.99,5.31245732148982
10041,199.99,5.33276713053325
10042,115,4.64883230985649
10043,289.95,5.10930479113025
10044,499.95,5.81234784702548
10045,199.99,5.38704679195424
10046,550,6.35677449772523
10047,209.99,5.41913955575737
10048,185,5.22351202674937
10049,100,4.43924803318213
10050,279.99,5.53273107003063
10051,614.99,6.41772958019964
10052,259,5.42369095816285
10053,240,5.30789878087153
10054,69.99,4.55144456490472
10055,398.99,5.69920001388849
10056,175,5.09020668480127
10057,84.99,5.00324614592227
10058,269.99,4.81017375779383
10059,295,5.40776199415284
10060,210,5.25896525834045
10061,160,5.26506444909402
10062,0.99,0.63309514567886
10063,304.89,5.59802966018657
10064,0.99,0.684788929484177
10065,195,5.25350343344272
10066,319,5.19267162753267
10067,389.99,6.00522507079432
10068,79.99,4.43799634915336
10069,254.99,5.45721755325344
10070,115,4.73134145805346
10071,159.95,5.2469842887397
10072,279.99,5.7432972601937
10073,99.99,4.47890956064874
10074,75,4.32738572184329
10075,135,4.51949426950574
10076,130,4.87167483804359
10077,119.95,5.32683581851399
10078,50,3.93079316864375
10079,269.94,5.45707505599019
10080,380,5.93730183758032
10081,0.99,0.675915985873949
10082,169.95,4.82233211684685
10083,319.85,6.01329332946346
10084,329.99,5.95810417875676
10085,249.95,5.2262799680002
10086,130,4.86933732800585
10087,550,5.96178680554079
10088,169.98,5.31336467124306
10089,149.99,5.05615290325196
10090,305,5.70995085251219
10091,0.01,0.324742885445698
10092,450,6.05207831116671
10093,194.29,5.45948170227901
10094,193.15,5.22275070337239
10095,62,4.26171029482978
10096,489.99,5.89065922084562
10097,99,4.10245609951624
10098,45,3.91402611379231
10099,134.95,4.88734014215803
10100,199.99,5.36190714933578
10101,264.99,5.62049183051402
10102,349,5.97955735048036
10103,160,4.28053824005793
10104,295,5.63921913767162
10105,199,5.30600198908766
10106,279.95,4.99695722934267
10107,149.95,4.85757294410893
10108,290,5.69606812819076
10109,339.99,5.88394073777729
10110,99,4.64143083491215
10111,320,5.37124986498278
10112,255,2.18044283023565
10113,114.99,4.71016450227907
10114,250,5.22379901191478
10115,250,5.44590768689407
10116,549.99,6.16915518599873
10117,215,5.38078218332443
10118,325,5.8058534501115
10119,199.99,5.24013520159133
10120,250,4.42136338857803
10121,249.99,5.34123925861679
10122,299.99,5.40044763433521
10123,159.99,4.73061131919473
10124,9.99,2.89783864227376
10125,125,5.14910136604216
10126,344,5.48767934102493
10127,100,4.12830598930606
10128,250,5.44591435368583
10129,175,5.45022245059222
10130,100,4.60781737387672
10131,150,5.1317476730453
10132,119.99,5.50148358307714
10133,225,5.29407526801495
10134,49.49,3.73579060094525
10135,225,4.04892564590568
10136,389.99,5.78314430153122
10137,255,5.49967225480006
10138,25,3.40279365265988
10139,274.99,5.6712704528028
10140,0.99,1.7313270201953
10141,185,4.99234226526131
10142,250,5.49337664117785
10143,99,4.60560741397746
10144,215,5.49966604900331
10145,58,3.79457465133334
10146,187.5,5.44447013727647
10147,189.99,5.31789987003066
10148,229,5.76587760266446
10149,159.93,5.34626188450245
10150,89.95,4.40226972579879
10151,60,4.1704061558147
10152,0.99,0.677341252948594
10153,639.99,6.12586759993238
10154,40,3.88795790571075
10155,284.99,5.46727796793954
10156,29.99,3.44129663308878
10157,49.99,3.70395413667126
10158,139.98,5.24358792918005
10159,199,5.27822275790491
10160,294.99,5.80121590274508
10161,499,6.20629469792962
10162,50,3.95760218732671
10163,299.99,5.94179552663097
10164,270,5.68020875339744
10165,80,4.37606303464025
10166,0.01,0.305026533819118
10167,399.99,5.71670154989641
10168,279.95,4.85144200884834
10169,50,3.99410479102874
10170,329,5.92540550983317
10171,187.5,5.44054873778991
10172,269,5.81785060910057
10173,50,3.88037063533427
10174,0.99,0.698201816457733
10175,65,4.19149840885935
10176,89.99,4.58395477234228
10177,149,5.03875109997203
10178,184.95,5.29500353593461
10179,99,4.69272296311993
10180,225,5.50484480522063
10181,200,5.37416794770565
10182,100,4.63843265857663
10183,319,5.75131799547119
10184,15,5.11585023705135
10185,99,4.66067075904543
10186,99.99,4.61261259056921
10187,174.95,4.72031995104541
10188,299,5.6161302564092
10189,0.99,0.693639367840906
10190,50,4.00590897287084
10191,215,5.37287986873432
10192,62,4.28999789730298
10193,250,3.49816320827356
10194,100,4.64523671673139
10195,200,1.03846973914256
10196,99.99,4.60799280759617
10197,404.99,5.73871255074931
10198,0.99,0.697689663865466
10199,50,4.04236556438834
10200,89.99,5.19108412273788
10201,49.99,3.93428057557401
10202,100,4.60586609277646
10203,79.99,4.5063155729997
10204,309.99,5.57859918575803
10205,415,6.0103054302227
10206,200,5.03738431298584
10207,269,5.82026248991308
10208,184.99,5.09844298338354
10209,50,3.94531358436174
10210,165,5.25102784882367
10211,25,2.47057893964538
10212,299,5.61952878831524
10213,99,4.48065843703382
10214,99,4.57204248597279
10215,374.95,6.17103684229297
10216,189,5.52661082156607
10217,75,4.3068287820174
10218,175,5.23403198590325
10219,480,5.90294835239113
10220,0.99,0.681013703503628
10221,465.99,5.99718613276548
10222,399.99,5.31520616114079
10223,0.99,0.681013703503628
10224,50,4.06065315106035
10225,70,4.37503519203271
10226,1,0.705799595613915
10227,299.99,5.48750306979772
10228,150,4.96047592875759
10229,187.99,5.77128114006961
10230,42,3.9445188996499
10231,399.99,5.8277050502932
10232,425,5.9906198898077
10233,0.99,0.581173394831632
10234,339,5.83744270344083
10235,164.99,5.43379914784155
10236,319.95,5.81958312098189
10237,99,4.48416576969432
10238,0.99,0.65113687141464
10239,398.99,5.82649447893525
10240,55,4.00301676395572
10241,99.99,4.85915784298585
10242,175,5.02503683110434
10243,140,4.94740301478445
10244,155,5.36949472327254
10245,300,5.65944627649259
10246,400,5.47755062752585
10247,1,0.805660945078673
10248,89.99,4.69079097995305
10249,114.94,4.66657907463303
10250,45,3.81991072869352
10251,89,4.5354894184223
10252,159.99,5.25377018554966
10253,200,5.31811786814105
10254,229.97,3.26389226262798
10255,0.99,0.582529763447398
10256,40,3.88245029952232
10257,499.99,5.48656561120735
10258,0.99,0.706206321268152
10259,150,5.15581363343169
10260,334.99,4.77049443607212
10261,250,4.55536035596934
10262,59.95,4.25288559023606
10263,50,4.03863824077012
10264,225,3.6234042813207
10265,80,4.40333258847097
10266,320,5.93886387553252
10267,335,5.89377373364535
10268,200,5.29738526124599
10269,100,4.38638849645976
10270,29.99,3.1736377150541
10271,75,4.30573152455224
10272,305,5.7298877595484
10273,150,4.9579700389791
10274,144.99,5.09570549078626
10275,78,4.28599041586824
10276,19.95,3.39218020230691
10277,300,5.77214590419642
10278,100,4.59329563526463
10279,399,5.79449481196897
10280,329.99,5.56603055301873
10281,0.01,0.161019118733648
10282,199.99,5.44109001008512
10283,20,4.2131517227869
10284,100,4.8961073670894
10285,0.01,0.291356736258679
10286,41,3.59776277459379
10287,439.99,5.90414353010946
10288,74.99,4.30004295851449
10289,250,5.23852388862665
10290,50,3.96401744183316
10291,0.99,0.733862601786475
10292,0.99,0.966583544323204
10293,5,1.2217841511942
10294,19.99,2.91897514757084
10295,50,4.08552742120363
10296,89.99,4.56570493497374
10297,490,6.11002845137704
10298,99,4.73184158757877
10299,200,3.86770549552568
10300,39.99,3.81457203549728
10301,58,4.02743223816702
10302,225,4.23553773278458
10303,50,3.92104894230039
10304,200,5.40918551050806
10305,0.99,0.712307028906216
10306,80,4.30869007158855
10307,250,5.74831491492117
10308,325,5.75658644392634
10309,25,3.33146224876955
10310,100,4.53286024408962
10311,185,5.12531029081055
10312,305,5.72212646653779
10313,99.99,4.73843453412645
10314,500,5.49024315064205
10315,350,5.88965371567371
10316,187.99,5.79689633385576
10317,109.98,4.89630727775852
10318,9.99,2.38964300052453
10319,345,5.8247869268942
10320,350,6.22318030265864
10321,19.95,2.88146183184732
10322,5,2.61905048827804
10323,100,4.53252591046702
10324,70,4.22966386190106
10325,124,5.10843788661172
10326,125,4.80735932471501
10327,0.99,0.68466246325848
10328,80,4.32424453649628
10329,97.5,4.57546908172688
10330,0.1,0.424103008487105
10331,100,4.30398864951155
10332,375,5.92761312706025
10333,20,3.41994639907832
10334,99.75,4.25245870249467
10335,250,5.11777789048684
10336,70,4.42925242382909
10337,100,4.66916675540653
10338,400,5.99230033240944
10339,48,3.98087221188666
10340,0.99,0.683073110746843
10341,40,3.2699120761104
10342,295,5.62034676962754
10343,130,4.87361763806984
10344,310,5.71491951282828
10345,80,4.40762812892231
10346,250,5.46674485271386
10347,150,4.61049543857374
10348,99.99,4.78530755963998
10349,40,3.73077656616647
10350,75,4.36349348043973
10351,140,4.39483891556244
10352,50,3.74296846366195
10353,292.5,5.67985554285249
10354,100,4.90962033004376
10355,74,4.4248393641805
10356,134.61,4.94335800110548
10357,100,4.43278154085587
10358,125,4.92025135260773
10359,275,5.44585736283909
10360,0.99,0.688194789238284
10361,75,4.51325762609576
10362,189.99,5.38436229945359
10363,149.99,4.91464212244892
10364,75,4.45030174844755
10365,1,1.0238845076367
10366,99.99,4.62785225347051
10367,199.99,5.28808668882871
10368,149.99,5.06466618743058
10369,339,5.77647208497931
10370,99,4.54629455072559
10371,0.99,0.542867559987813
10372,75,4.3277114554006
10373,120,5.02403433450996
10374,185.49,5.36342863847378
10375,350,5.85835556769414
10376,150,5.05272322894743
10377,179.96,5.19306693070006
10378,242,5.25070118829076
10379,9.99,2.45485703703356
10380,50,4.23972159259812
10381,389.99,5.94307726136021
10382,95,4.66541406888219
10383,264.95,3.99990339569059
10384,75,4.33585017856287
10385,15,5.22358683743285
10386,165,5.46534583447925
10387,49.99,4.0789993158048
10388,187,4.91917684459573
10389,100,4.60071962181116
10390,15,5.22460326311032
10391,29.99,3.74522626759187
10392,150,4.59590123744056
10393,71,4.45370913065406
10394,200,5.32907462813029
10395,90,4.61374123055268
10396,150,5.0242132990151
10397,0.99,0.690323559638922
10398,0.99,1.18384393560581
10399,299,5.55241905956483
10400,30,3.03543534594266
10401,0.99,0.688188440018641
10402,0.01,0.278488710631333
10403,0.99,0.673641632234667
10404,179,4.23417818162242
10405,75,4.34809389725317
10406,70,4.3225460645611
10407,99.99,4.55494672877777
10408,99.99,4.51019660966612
10409,175,5.44578596568344
10410,400,5.69523728695075
10411,150,4.90950156621223
10412,90,4.73512606151643
10413,120,5.57192051936323
10414,280,5.43806030045858
10415,33,3.61969908397946
10416,89.99,3.96002300316692
10417,115,4.85749731113565
10418,130,4.7610334329487
10419,9.5,2.72143114647679
10420,0.99,0.679977461928954
10421,0.99,0.642960012114377
10422,0.99,0.798365392876873
10423,350,0.643407624866092
10424,249.99,5.43021805579331
10425,200,5.00401741357096
10426,310,5.61468494599665
10427,245,5.13942976028575
10428,458,6.10475556796053
10429,265,5.4576237070744
10430,89,4.18006701324745
10431,0.99,0.646675775067945
10432,228.59,5.59090881559412
10433,249.97,5.3456250429796
10434,249.99,5.30440204816124
10435,250,5.38364296046866
10436,500,6.10280347301012
10437,100,4.3714549116626
10438,1,1.23041700131155
10439,299,5.51524096722402
10440,340,5.44242670241516
10441,0.99,0.716776711169584
10442,9.99,2.94347890128391
10443,50,3.99842341122188
10444,25,2.95719736570806
10445,99.99,4.55285712656837
10446,0.01,0.313496053526849
10447,248.18,5.32654662945834
10448,50,3.79891359252133
10449,200,5.14605403253621
10450,0.99,0.687900959076924
10451,185,5.50624981342185
10452,1.99,0.921083339518648
10453,325,5.807192745512
10454,125,4.95564338084409
10455,190,1.04805146827287
10456,150,5.08117271877509
10457,125,4.77203755709113
10458,229.99,5.2907944058419
10459,0.99,0.945480628537675
10460,0.99,1.665831418839
10461,400,5.90143050822942
10462,199,5.23211039833321
10463,40,4.1340549539212
10464,75,4.39367986303539
10465,188.99,5.39166371341664
10466,99.94,4.68967802839027
10467,249.98,5.51217632421307
10468,299,5.60330890114737
10469,225,5.29222627644162
10470,19.99,2.71359542581399
10471,110,4.65679449012356
10472,200,5.1024986679685
10473,249,4.89305076196432
10474,125,4.93832560004961
10475,1,0.664483885155094
10476,60,4.16606765069073
10477,179.99,5.39771399827477
10478,5,1.1557727047651
10479,90,4.60955042590272
10480,0.99,0.958061988574261
10481,50,3.98655471014305
10482,115,4.92773580538113
10483,249,5.5382451906041
10484,50,4.10772407340867
10485,252.99,5.3684474118863
10486,1,1.79523002221676
10487,80,4.58913398730252
10488,40,4.86066716096753
10489,100,2.34478768963247
10490,408,6.06892364048546
10491,5,4.36814992930029
10492,125,4.79066822239578
10493,49.99,4.1126996011799
10494,124.95,4.53884584306412
10495,159.99,4.80407845818888
10496,130,4.92359023645571
10497,0.99,0.688174404901535
10498,89.99,5.29975770352846
10499,111.5,4.622456655655
10500,315,5.42576687606875
10501,199.99,5.01376496212304
10502,160,5.21512895766253
10503,184.99,5.47036857011583
10504,150,4.67494738467877
10505,75,4.56210443229409
10506,200,5.36592513338905
10507,118,4.82618021430471
10508,199.99,5.40659171265658
10509,250,5.5113428672847
10510,99,4.63741250032792
10511,150,5.00122212049723
10512,79,4.80144843201252
10513,399.99,5.9379619429356
10514,59.99,4.23482004785172
10515,210,5.33568290496053
10516,92.49,3.34300760259046
10517,99,4.73875738449043
10518,154,5.4294193306415
10519,149.99,5.01556789604269
10520,169.99,5.37020747750864
10521,120,4.69165452554011
10522,195,5.6327464429809
10523,425,5.92030823393323
10524,200,5.37677393576538
10525,300,5.55127554653686
10526,69,3.9415776875046
10527,300,4.02943477599068
10528,149,4.07855083870293
10529,150,4.24982662767822
10530,110,4.78786261436238
10531,99,4.60415547140409
10532,224.98,3.67647595311808
10533,99.99,4.64751302818055
10534,89,4.62923235363179
10535,380,5.70364428489601
10536,149.99,5.05324117078711
10537,14,5.2697887938373
10538,120,4.92420758978129
10539,149,5.36005596147735
10540,99.99,4.64165110824681
10541,400,4.9421324646314
10542,0.01,0.270509748650552
10543,0.01,0.346010524723601
10544,475,6.1242846912997
10545,99,4.54521232653389
10546,394.99,5.80764138623998
10547,175,5.20802979379225
10548,50,4.09612663416715
10549,300,5.63644291197117
10550,399.99,5.56176392573014
10551,9.95,2.34750131509868
10552,59,4.20072218222693
10553,50,3.90385532289587
10554,234,5.41804299915182
10555,349.99,5.89829978436166
10556,72,4.43309675261962
10557,170,5.21043355546043
10558,0.99,0.828221638858807
10559,325,4.90578145429644
10560,140,5.73760401507401
10561,0.01,0.349915553368542
10562,147.59,5.08317442936392
10563,399.99,5.73219888447645
10564,95,2.81489467459339
10565,499,5.81507693398285
10566,45,3.3721489634461
10567,125,4.18360922020496
10568,82.95,4.55627883395936
10569,150,4.07089145625628
10570,0.99,1.23706828351075
10571,199.99,5.34337035517269
10572,185,5.1839521523298
10573,201.99,5.19817046847791
10574,289.99,5.4107476389921
10575,219.99,5.34066079673748
10576,89.99,4.58963943049046
10577,279,5.57362978874117
10578,150,4.83613632399078
10579,0.99,0.688232884556144
10580,49.99,4.18339540996879
10581,75,2.4398363691449
10582,149.99,5.08870223312275
10583,275,5.45639725970707
10584,249,5.53784537731825
10585,0.99,0.689501944908628
10586,198,5.1576378603215
10587,300,5.92784477291011
10588,111,4.92464862868857
10589,100,4.74488091185568
10590,410,5.8220033046486
10591,150,5.11123093035631
10592,300,5.60726020820093
10593,100,4.64428879471895
10594,60,6.15311594128454
10595,113,1.07972906716994
10596,155,5.59086169495441
10597,90,5.50676895972908
10598,180,4.88236672259747
10599,99.99,4.38968690115825
10600,30,3.67329319293203
10601,699.95,5.59691698078781
10602,275,1.28997468534178
10603,94.99,4.17942464391061
10604,0.99,0.881878263548554
10605,550,5.99873657116479
10606,0.99,0.694578551206297
10607,210,2.84955862583532
10608,179,5.09144716625546
10609,80,5.42398809003265
10610,155,5.25141482803314
10611,150,5.03150598843893
10612,209,5.34573808202822
10613,439.99,5.89953426755134
10614,349.99,5.89584533462286
10615,200,5.0112590692252
10616,150,4.69665076670065
10617,0.99,0.686976766776849
10618,100,4.49422007120795
10619,395,4.79614453237134
10620,9.99,2.54615996084661
10621,125,4.67475989394759
10622,208.99,5.39447048715777
10623,9.99,2.58730865025149
10624,0.01,0.310661263002053
10625,559.99,6.27789948864536
10626,60,4.0869408904936
10627,39.99,3.82104151787601
10628,175,4.33241808813222
10629,229.98,5.41983974665016
10630,180,5.24190342663473
10631,0.01,0.28503913004639
10632,120,5.32899947379212
10633,50,4.12235700239499
10634,145,4.80966460764988
10635,9.95,2.59102918609158
10636,299,5.58302148971521
10637,560,6.32540140565177
10638,159.95,4.47186892782598
10639,49.95,4.04723111355762
10640,0.99,0.701984803237636
10641,159,5.03183324696668
10642,50,3.80529584360362
10643,560,6.32104445385812
10644,549.9,6.00868825588211
10645,80,4.67955201407679
10646,149.99,5.07118226848293
10647,449.99,5.84119667479519
10648,79.99,4.37484167041858
10649,227.95,5.49439865462595
10650,785,6.0716535107515
10651,186,5.44147551310594
10652,200,5.24146782906246
10653,200,5.38597602079905
10654,220,5.15757865803072
10655,349.95,5.79758176665032
10656,225,5.30945759731542
10657,0.99,0.687905804534021
10658,100,2.97545537320913
10659,0.01,0.0916037215223085
10660,329.99,5.88893703328159
10661,55,3.80721925216306
10662,100,4.57877449007284
10663,250,5.14043956724474
10664,180,5.23209205356882
10665,127.99,5.49569191328441
10666,0.01,0.197716959562439
10667,89.99,5.30317838963443
10668,469.99,5.64474104661943
10669,0.99,0.954493012012008
10670,50,4.07433733214875
10671,400,2.03765859186661
10672,99.99,4.69777994677741
10673,179.99,4.33682300405313
10674,222.72,5.48115654683097
10675,280,5.71115772865552
10676,285,5.39112229764532
10677,79,4.53828090138956
10678,99,4.7039815413815
10679,387.45,5.19864771117127
10680,239.99,5.17482123544033
10681,175,5.51691588941628
10682,438,6.32029655339311
10683,140,2.89214264483733
10684,139.99,5.13117462392506
10685,99.99,4.84035948100517
10686,199,5.40326615917096
10687,80,2.92242186206662
10688,0.99,0.544008528853343
10689,200,5.27019018771814
10690,185,5.15508345693107
10691,449.99,4.7345251723873
10692,49.99,4.16953030123668
10693,259.99,5.48536607558235
10694,149,5.05381446925003
10695,175,3.11677472885159
10696,150,4.9089205219666
10697,50,3.87016182603986
10698,1,0.511954285140139
10699,9.99,2.4787275989399
10700,319.99,5.65948803900691
10701,194.95,5.32215068349723
10702,80,4.00447298976909
10703,218,5.18758813554175
10704,0.99,0.967895574005585
10705,210,3.78382260622902
10706,150,2.60603592211918
10707,429,5.25626807068389
10708,0.99,0.669977795984488
10709,215.99,5.38509249485262
10710,219.99,5.6842826201448
10711,199.99,5.41915223643078
10712,0.99,0.674162005240445
10713,9.99,2.48098228880494
10714,112,4.52779877034292
10715,89.99,4.57916982291654
10716,80,4.27859293564505
10717,288,5.68742900378108
10718,159.95,5.36917992386198
10719,319,5.85484539658941
10720,10,2.43361167227564
10721,99.99,4.62924701956015
10722,244.96,4.38581971234116
10723,56,4.06753058805327
10724,340,5.63110414605042
10725,129.99,5.06223078279566
10726,0.99,0.688139651278225
10727,150,5.04526204789384
10728,79.97,4.36905242249957
10729,0.99,0.69514169909708
10730,300,5.65966165043684
10731,459,5.12598744941952
10732,99.99,4.5583333430856
10733,209.99,5.4165983344764
10734,19.99,3.20145403777558
10735,80,4.5747636310761
10736,99.97,4.58461533195835
10737,220,5.53137156141474
10738,350,5.3863228222643
10739,169.99,5.2895463912326
10740,100,4.78295743442497
10741,199.97,5.03269315530821
10742,559.99,5.9487200756108
10743,90,2.92616512854947
10744,320,5.46463348047632
10745,174,5.17650019016616
10746,400,5.56777303291766
10747,209,5.37690150489273
10748,350,3.97714106740348
10749,95,4.04608686406458
10750,0.99,0.688144663820049
10751,200,5.13497139277292
10752,265,1.84060802485622
10753,0.99,0.685105699958587
10754,149.99,5.18186307194479
10755,199,5.38587017976367
10756,125,4.31399117262334
10757,75,4.21985641810931
10758,0.99,0.686778270120635
10759,99.99,4.8342844444951
10760,150,2.96965795689834
10761,0.99,0.952026558980023
10762,449.99,3.86789184389492
10763,180,5.09632374703046
10764,400,5.48867477237149
10765,249.99,5.51215690885823
10766,199,5.02354121857501
10767,614.99,5.86858426289276
10768,1,0.703468518733755
10769,0.99,0.696938767656002
10770,260,5.55704255929731
10771,265,5.5903242514336
10772,129.99,4.62825480526106
10773,50,4.13554867749325
10774,266.05,5.18008906014026
10775,485,6.07170088005894
10776,171,5.53772111880571
10777,76,5.43466184860739
10778,10,1.93670177204747
10779,50,3.91944872188415
10780,129,4.75202597351147
10781,0.01,0.324346925211038
10782,1,0.690703733505696
10783,350,5.91292026672309
10784,50,4.17428516178785
10785,164,2.21722184937753
10786,249.95,4.744032648066
10787,339,5.22930445312021
10788,200,5.59074930233031
10789,160,5.18534930298256
10790,50,3.91035816431701
10791,395,4.55258432039255
10792,550,5.56140961315279
10793,800,4.23726306505996
10794,525,5.70608511903854
10795,175,5.03810509574319
10796,199.99,5.30787709137102
10797,349.99,5.80799905612959
10798,50,3.94767909491824
10799,239.99,5.51182692596043
10800,565.95,5.83862444275108
10801,180,2.34046278439195
10802,0.99,0.597393578341624
10803,630,6.42930170059819
10804,89,5.45978290320286
10805,399,5.81417618090541
10806,232.99,4.63062015181941
10807,167.38,4.81102578452982
10808,65,4.24138397637976
10809,299,5.56031991975456
10810,0.99,0.688134638736401
10811,160,5.109765874617
10812,346,5.84747680864375
10813,0.01,0.283522019618211
10814,50,3.7119654156013
10815,299,5.7804516376332
10816,0.99,0.623269054333522
10817,0.99,0.681624069380722
10818,249.99,5.66195021418274
10819,175,5.20550407159891
10820,0.99,0.68065267774528
10821,129.99,5.35355697919276
10822,0.99,0.688137980430951
10823,239,5.47280630729526
10824,250,5.44769305162212
10825,150,4.64245897183917
10826,75,4.07572581041355
10827,319.99,5.69722705822518
10828,249.97,4.43113226046743
10829,188,5.50423569228165
10830,300,5.80700528135217
10831,199.99,5.5227784454278
10832,160.57,4.79515600841682
10833,182,5.61075913001405
10834,300,5.67338887206478
10835,109,4.60443879428092
10836,125,0.624927861241683
10837,37.98,4.23941821983414
10838,400,5.33348388854913
10839,529.99,6.17531554744979
10840,0.99,0.811845988494417
10841,79.99,4.33994993424466
10842,119.99,4.73527668638811
10843,100,4.44335921847627
10844,0.99,0.593990409911714
10845,649.99,5.50911681930625
10846,399.99,5.94714400357614
10847,299,5.67056393706726
10848,150,4.88981414715578
10849,258.98,5.5092679098637
10850,279.99,4.84879665690641
10851,150,5.44277015876953
10852,350,5.84745376041465
10853,75,3.94505284660217
10854,0.99,0.629222223670708
10855,0.99,0.807374987016337
10856,249.99,5.45168283347042
10857,200,4.79270431936964
10858,100,4.774575359168
10859,90,4.70746563014501
10860,375,5.69175574887416
10861,0.99,0.685168171678097
10862,250,5.45415148122711
10863,0.99,0.6623758501905
10864,185,5.32952302485868
10865,579.99,5.78564846707317
10866,0.99,0.737099608115118
10867,500,5.0928128526559
10868,107,4.46971458882113
10869,300,5.35225795078838
10870,159.99,5.13651018715902
10871,45,3.72219420420509
10872,249.99,5.56741713596294
10873,279.99,4.87599692198611
10874,276.99,4.85089752423429
10875,95,4.69976482814574
10876,10,2.2077417181735
10877,379.99,5.83151238422422
10878,275,5.27052586139737
10879,145,3.91028780578036
10880,275,5.54690864101957
10881,0.99,0.676040351912485
10882,200,5.2156083346204
10883,439,5.80662351260354
10884,379,5.97468713073551
10885,0.99,0.688416677756341
10886,350,5.43728245219997
10887,180,5.3701510949395
10888,194.85,5.42681901356816
10889,360,5.84555704349572
10890,500,5.44712190812122
10891,463.26,5.63420573062582
10892,0.99,0.68283414364947
10893,99,5.44968138116311
10894,795.99,6.17504914683109
10895,259.95,4.532396671986
10896,275,5.62839741747449
10897,100,4.67215853424601
10898,100,4.79632242069405
10899,0.99,1.09639913306144
10900,300,2.56006626040088
10901,125,4.88697855274098
10902,199.99,5.42275275749761
10903,244.97,5.50036978778216
10904,249.97,4.88852535962819
10905,175,4.76713190088179
10906,199.99,5.25478013709482
10907,75,4.37862111388171
10908,500,5.47451197640793
10909,660,6.07836327034114
10910,359.99,5.87223690832104
10911,525,5.79538711562019
10912,0.99,0.68808291434512
10913,0.99,0.62361670491311
10914,209.85,5.35651406715147
10915,299.99,5.40113888829569
10916,149.97,5.42279653010841
10917,179.99,4.76766342159405
10918,174.99,5.22817765913802
10919,250,5.44878101298384
10920,250,5.56217685290174
10921,349.99,5.20498532516542
10922,200,0.662946754990277
10923,10,1.81070756390135
10924,449.95,5.70192060941884
10925,350.25,5.69852672969843
10926,260,5.49290961217939
10927,479.99,5.43354208307896
10928,154,5.53511261651866
10929,239,4.37133490745732
10930,376,5.76860733090202
10931,0.99,0.712179252896394
10932,385,5.58459660398956
10933,322.99,5.92462638487836
10934,162,5.51618630178876
10935,675,6.4508811528839
10936,10,3.16571594384311
10937,120,4.25710824135239
10938,229,5.62625395042521
10939,459.99,4.30671294048451
10940,350,5.5724027877115
10941,149.98,4.49451780300142
10942,105,4.65347659109629
10943,120,4.53930966864741
10944,25,3.84306103445343
10945,449.99,6.02819229956773
10946,318,5.6450728063871
10947,400,5.3741393733932
10948,110,4.73543213714685
10949,200.29,5.45407355888879
10950,339.99,5.87020034483468
10951,829.99,6.35799517210523
10952,150,1.58188405821069
10953,529.99,5.94506333414239
10954,300,5.99548694732795
10955,70,3.00192865493044
10956,279.99,5.90207769268886
10957,241.88,5.49546183266588
10958,0.99,0.663943606944569
10959,115,4.7684786003529
10960,499,4.23316248500753
10961,375,5.63950291536797
10962,499,6.28690589562758
10963,80,3.90807062086154
10964,193,5.57292567726828
10965,99,4.82637685125616
10966,0.99,0.670613092255656
10967,399.99,5.16086954258058
10968,174.99,5.51974838061194
10969,159.99,5.2262540477095
10970,259.99,4.72654753644064
10971,175,5.21197184803016
10972,199.99,5.05517343159385
10973,180,4.18145729501255
10974,200,5.15546850099665
10975,359,5.88629678480979
10976,350,5.79980543730939
10977,279.99,5.391495092824
10978,139.5,5.30716633196099
10979,549.99,5.64504251566666
10980,334.99,5.90849093230431
10981,279.99,4.90152361191028
10982,900,6.36029514648679
10983,510,6.06582659430438
10984,235,5.41747422106578
10985,389.99,5.97131417346656
10986,439.98,5.95115982531731
10987,462.89,6.19019673222021
10988,0.99,0.848527150199871
10989,299.99,5.94546308638312
10990,239.99,5.35662372226252
10991,300,5.58259356474581
10992,110,2.81730360904229
10993,299.99,5.65455817284989
10994,150,5.19939730543415
10995,379.95,5.93940808008938
10996,227,5.12511817208279
10997,99,4.7782214698934
10998,0.99,0.676954622739977
10999,387,5.65163965980443
11000,550,4.6263586905024
11001,249.99,5.33115307332471
11002,179.95,5.46660108388282
11003,589.99,6.17541340809966
11004,169.99,4.93886562386815
11005,176.27,5.27287493129922
11006,339,5.13135932653201
11007,80,4.84271902595141
11008,165,4.68369293404567
11009,130,3.33548684999807
11010,388.3,5.36819020767685
11011,179.95,5.26740168611342
11012,429.99,5.99481062003648
11013,500,6.03436339972202
11014,460,5.66513050933832
11015,173,5.30395050881619
11016,220,2.10333124276558
11017,245,5.33263666752056
11018,249.99,5.48168872993212
11019,720.12,5.36819020767685
11020,300,5.6003139417779
11021,500,5.42055456320692
11022,289.99,5.47169615705842
11023,200,5.3678938058178
11024,298.97,3.94018883053996
11025,160,5.06011775565873
11026,229.99,5.46584744812161
11027,149.95,5.01302818949293
11028,24.99,3.72522929695133
11029,108,5.63235526011717
11030,99.99,4.86519480600796
11031,229.99,5.75736039217191
11032,234.99,5.25925916318014
11033,152,3.24014833811306
11034,699,5.62873286303761
11035,475,6.03985179165745
11036,209,5.29683284708625
11037,90,4.83776528926752
11038,85.95,4.8404654478821
11039,0.99,0.668712371165844
11040,320.99,5.92580602936541
11041,339,5.99255752997413
11042,528,6.09156042438241
11043,0.99,0.49781351580077
11044,146.99,5.38942580538885
11045,539.95,6.17660958171186
11046,92,5.02660414159658
11047,199.99,5.22723005237753
11048,160,5.48865994201228
11049,349,5.90103852331936
11050,84.99,4.83973880450929
11051,225,5.25889270592851
11052,180,3.76364931708747
11053,450,6.01423694820421
11054,100,4.55545329096092
11055,100,4.66477259833875
11056,250,5.35421083249918
11057,300,5.41903930682834
11058,517.89,6.35926031740416
11059,500,6.33045264619863
11060,397.75,5.37265804996762
11061,200,5.34910348115739
11062,239,5.47436481609687
11063,259.99,5.41177462699263
11064,250,5.48365580112056
11065,429.99,4.71687673891686
11066,99.99,4.75616953665903
11067,549.99,4.68933396970187
11068,294.99,5.3057891445144
11069,189.99,5.6193469728374
11070,398.99,5.4673659594858
11071,429.99,5.63559279005981
11072,199,4.60222959385351
11073,495.49,6.23064927466129
11074,249.59,5.62026758250975
11075,250,5.50691733643748
11076,99,4.79159650133915
11077,108,5.60371383522009
11078,225,0.688188607103368
11079,350,5.38563711200225
11080,82.98,4.85736971129342
11081,190.45,5.51306390321274
11082,101,4.78324169076984
11083,415,6.01952702110637
11084,469,5.93132798126273
11085,0.99,0.67596015544359
11086,249.99,5.61839113158697
11087,227.88,5.19558131638662
11088,350,5.77574978041876
11089,199.97,5.47664692859255
11090,280,5.43459368051739
11091,172,5.62760685484697
11092,199,4.67584707293293
11093,199.99,5.33132662487668
11094,449,5.90098836255471
11095,349.99,5.21364970096495
11096,0.99,0.415664261998229
11097,300,0.695088134310955
11098,310,5.95551436126924
11099,1,0.614064526574863
11100,0.99,0.568810408229419
11101,215,5.50308786455935
11102,0.99,0.690224859114607
11103,170,5.17688888427035
11104,257.83,5.85298371222886
11105,303.67,5.38959456786768
11106,258.88,5.42363898135986
11107,160,5.30405646897905
11108,196,5.52816321012718
11109,174.99,4.6245237399318
11110,550,6.0773730485382
11111,100,4.85982188802463
11112,424.95,6.22587162428595
11113,500,5.56068298610333
11114,120.02,4.7811797091064
11115,0.99,0.668329222549528
11116,110,4.61510086606986
11117,25,2.71501154427575
11118,469.99,5.90247551202855
11119,389.99,5.95366614515701
11120,325,5.38401076773818
11121,426.99,2.20669856162838
11122,0.99,0.688186769171366
11123,449.99,5.9888912076135
11124,198,5.39360121370651
11125,319.95,5.80009119226395
11126,419.99,5.70915293765748
11127,150,2.26669317297814
11128,400,5.68331284226345
11129,350,5.34017465903047
11130,495.99,5.96274663552258
11131,500,5.98644805620365
11132,339,5.91722804623287
11133,300,5.39556886917698
11134,99,4.74106266701584
11135,289.95,5.44761896870614
11136,549.95,6.01652216056431
11137,229,5.71631818872288
11138,259,4.87266607226296
11139,149.97,5.06213870339651
11140,649.95,6.21442389945987
11141,615.99,6.27234902888853
11142,0.99,0.644075264867587
11143,270.99,5.91746520851314
11144,175,4.89847673992336
11145,430,5.76392562806463
11146,379.99,5.93590034446686
11147,299.95,5.6706032306281
11148,600,5.59576276816474
11149,275,5.37409469165719
11150,585.99,6.07279662178359
11151,550,6.24030177116765
11152,245,4.98595106690287
11153,180,5.36951464356341
11154,329.99,5.92978846630242
11155,250,4.70858450379907
11156,299.99,4.77171303513563
11157,165,1.91531007787203
11158,175,5.27946873256789
11159,260,5.28343594652889
11160,340,5.73167338097642
11161,174.99,5.09150291868106
11162,388.99,6.02401931549455
11163,90,4.94006593850177
11164,349.99,5.60218941425368
11165,400,5.77659320482636
11166,299.99,5.15601173107915
11167,375,5.90906054741848
11168,443.09,5.95141040301926
11169,155,5.21823866763837
11170,128,5.41257503509775
11171,275,5.64123631549233
11172,149.99,5.49008417975547
11173,149.59,5.08011514803556
11174,209.99,5.2811871877676
11175,290,0.693625437619449
11176,789,6.32792793629384
11177,224,5.60337156331954
11178,239.88,5.60153193190201
11179,252.88,5.44776086186187
11180,0.99,0.609855578513269
11181,159.99,4.68154865663086
11182,639,6.17280730206256
11183,619.99,6.01964193360034
11184,499.99,5.93507607151577
11185,429.95,5.93957956953895
11186,325,5.80973010688427
11187,535,5.52226862899506
11188,289.99,5.4869740794664
11189,454.68,6.02314720247545
11190,104.7,4.62760476788474
11191,649.99,5.53678080428074
11192,450,5.98408069269443
11193,155,5.13100048122139
11194,310,5.48673461801091
11195,250,0.804208230532706
11196,149.99,5.09161100324967
11197,679.95,6.22692367945827
11198,396,5.61284968255017
11199,0.99,0.686826223437414
11200,379.99,5.93635958711911
11201,105,4.99778877417137
11202,119,4.94077646767707
11203,379.99,5.41717484665945
11204,15,5.29333980208071
11205,549,6.17432509581591
11206,439.98,5.94525307331721
11207,124.95,5.2829757269522
11208,263.99,5.74622479481538
11209,400,5.37095113668608
11210,575,5.83278814487301
11211,454,6.00307783251337
11212,450,6.10367003641345
11213,0.99,0.628717289424067
11214,749,6.28449388417366
11215,550,5.66567350048165
11216,300,1.41808955855526
11217,624.99,6.37552850645235
11218,349.99,5.89364861625584
11219,430,6.01541090950135
11220,449,5.73458271718464
11221,279,5.12785285596331
11222,367.97,5.27341058566585
11223,179,4.2679632946827
11224,679.99,6.1850213247275
11225,499.99,6.11348244375623
11226,375,5.80793840846151
11227,558.17,5.83280654930401
11228,159.94,5.4030117674323
11229,425,5.61921062627792
11230,248,5.63283637071443
11231,0.99,0.774149736686329
11232,200,0.788311500333884
11233,199.99,5.21235261565282
11235,0.99,0.781649103226055
11236,0.99,0.684564244863432
11237,250,1.05115063688439
11238,639,5.97177734191775
11239,99,5.05742672097428
11240,119.99,4.88631067073477
11241,100,4.7913664723159
11242,393,5.64816084558046
11243,100,0.90741673198934
11244,159.99,5.79593256685932
11245,0.99,0.643094769214642
11246,259.99,5.3479126605794
11247,349,5.85586849728151
11248,184.99,4.98884600519271
11249,0.99,0.700124487488091
11250,9.99,5.10450077083546
11251,153.99,5.32988668008405
11252,389.99,6.08840930085534
11253,384.99,6.08021138996882
11254,579.99,5.9294413159418
11255,599.99,6.25056128600798
11256,0.99,0.674457438575132
11257,198.98,4.99159054744012
11258,150,0.669679498873163
11259,490.95,5.89025689861659
11260,260,5.11409981427621
11261,179,5.48603553851876
11262,575,1.60252101019479
11263,200,5.42578828280641
11264,670,6.07590286364516
11265,380,5.78346712025451
11266,350,5.32095958328769
11267,215.99,5.45416100842325
11268,439.99,6.09365979592218
11269,358.87,5.3402339891212
11270,939,6.36883586826055
11271,279.99,5.43044447952452
11272,575,6.07791207184894
11273,544.49,5.09229115482062
11274,515,2.5325177239889
11275,142.25,5.2691962883866
11276,349.99,5.46074840625985
11277,0.99,0.685760993658811
11278,300,0.776991889683276
11279,249,5.36605366347038
11280,95,4.8613877027302
11281,25,2.54187743487796
11282,561.53,5.07388624494766
11283,948.98,6.18842369606222
11284,300,5.65814768199585
11285,320,1.60642945815837
11286,424.55,6.07105339005119
11287,540,5.44200510353006
11288,300,5.71157568987248
11289,0.99,0.717885278055878
11290,349.99,5.2139451917229
11291,299.99,5.63704874549642
11292,799.99,6.19838945403318
11293,100,4.23143703014079
11294,165,5.50899910679554
11295,425,6.06487214117403
11296,70,4.29687428664415
11297,349,5.92478369074557
11298,280,5.60582560216077
11299,499,6.09976311081092
11300,650,5.56077218217637
11301,314.99,5.3776509648151
11302,149.99,5.10009045835703
11303,149.99,5.48795908946642
11304,220,5.45185112691021
11305,199.99,4.8468629992865
11306,798,6.25065092239125
11307,149.98,5.26400429588669
11308,520,5.56273677948893
11309,95,4.79222377376416
11310,351,5.59057196072987
11311,229.95,4.92230574233756
11312,189.99,5.06177881856178
11313,0.99,0.672988522527009
11314,259,5.58204563900518
11315,399,5.49058839223047
11316,104.99,4.88092902299743
11317,569,5.93942930582654
11318,214.99,5.55518362972513
11319,385,5.87739113003204
11320,199,5.21573868278604
11321,600,4.17381300863319
11322,134.34,5.46497072529293
11323,1,0.644277632707064
11324,79.95,4.46027817967168
11325,350,0.883924829800374
11326,40,3.68348891827986
11327,141.09,5.60074250948075
11328,375,5.65534991821352
11329,445,0.850700827716154
11330,0.01,0.302247186370975
11331,650,6.09946092599909
11332,45,3.82094652817132
11333,295,5.64481007057453
11334,560,6.22994787868008
11335,220,0.72881754868774
11336,599.99,6.19838945403318
11337,395,5.62507497719696
11338,379,5.95260270903225
11339,389.99,5.91588472639592
11340,609.99,6.22025100069488
11341,187.89,5.02525247997372
11342,175,5.1356663084087
11343,280.99,5.80911002166342
11344,0.99,0.676594942060013
11345,99,4.84502125094254
11346,215,0.923189534926758
11347,200,5.45002065052333
11348,295,5.50142089813929
11349,175,1.99730286797996
11350,499,6.18457335202906
11351,150,4.5246069751912
11352,425,5.45994290442915
11353,9.99,3.02822393137314
11354,300,5.79515481662933
11355,589,5.95480077896298
11356,575,6.17041775354522
11357,24.99,5.47409633373997
11358,320,5.5922361445805
11359,595,5.60830472824616
11360,200,2.47458532844001
11361,0.99,0.632134492971085
11362,285,5.42491289009399
11363,498.88,5.98050982365196
11364,350,5.26148259406498
11365,204,5.62636356403764
11366,125,4.62044768288551
11367,276.99,5.53312729710958
11368,0.99,0.544220603296295
11369,50,4.15098133732869
11370,459.95,6.09727367146687
11371,529.95,6.01423916898751
11372,265,5.34942315910278
11373,459.99,6.03828419732663
11374,360.24,6.01836022048017
11375,261.99,5.49873831164813
11376,573.74,5.62718055925467
11377,315,0.952593129295397
11378,340,5.53503768281526
11379,440,6.03825080357679
11380,180,5.38470008638362
11381,237.99,5.49909490333447
11382,439.99,6.1016209607821
11383,395,4.71855661894029
11384,598.98,6.02725229584948
11385,240,5.32035991492303
11386,150,3.97055320739381
11387,300,5.57855569912953
11388,300,4.82160132481101
11389,168,5.18946415706868
11390,212.99,5.03937851958838
11391,20,3.40604570748381
11392,639.99,6.14431910119173
11393,350,5.87866269018689
11394,498.88,5.98397870716851
11395,400,5.40734486610067
11396,279.5,5.75644859324484
11397,999,5.3106713400224
11398,298,5.09066957437493
11399,499.99,6.0065756375276
11400,149.99,5.03204372109251
11401,125,4.6876876923064
11402,275,5.56947053413514
11403,473.6,4.62826353460079
11404,520.9,4.89269888462413
11405,339.99,5.72019074613252
11406,0.99,0.578475658121023
11407,648,6.01589232402072
11408,648,6.01589232402072
11409,450,0.770076506869279
11410,220,5.43819937480719
11411,300,3.81771917182572
11412,195,4.95495261312927
11413,695,5.6050626397808
11414,0.99,0.654779909401269
11415,175,4.99317020233725
11416,0.99,0.659664891617585
11417,99,5.72753306222974
11418,375,4.87385751892827
11419,700,3.44115384009265
11420,150,5.05319377042504
11421,329,5.78076676885161
11422,1,0.669986771409791
11423,700,5.68927264570077
11424,200,5.0894663544886
11425,599,4.91780208995483
11426,525,5.93038870222089
11427,179.99,5.195575423461
11428,300,5.90567435316333
11429,290,5.68711047841019
11430,50,4.13752632300318
11431,325,5.57437390786125
11432,100,0.693861528339339
11433,150,4.94329676241042
11434,325,4.95499763632741
11435,100,4.5295915541441
11436,399,5.78056179898975
11437,180,3.35944098791003
11438,109.99,4.86893274658161
11439,110,4.35818295582013
11440,51.99,3.73186234160275
11441,14.49,3.15236673762684
11442,44.99,4.03169649449916
11443,30.99,5.27002796784569
11444,3.99,3.73186234160275
11445,8.99,3.73186234160275
11446,127.95,2.78103660168326
11447,220,4.26377354214989
11448,4.69,2.78103660168326
11449,9.99,4.9079201617974
11450,139.99,4.38402828756405
11451,69.99,4.65261901986437
11452,139,4.23272302517751
11453,350,5.32471479650202
11454,39.99,4.39230543095114
11455,9.95,4.38952938966382
11456,28,2.78103660168326
11457,70.99,5.018765823012
11458,255,4.80110977323429
11459,28.75,2.78103660168326
11460,339.98,5.85090170843403
11461,750,6.02274354511579
11462,0.99,0.688142992972774
11463,250,5.65935235945958
11464,332.5,5.6543914184922
11465,118.95,5.26159689659427
11466,149.99,5.4473921032571
11467,100,4.39254326887819
11468,199.99,5.20307824604851
11469,100,4.57017993032421
11470,75,4.14622096970229
11471,0.99,3.90610024358408
11472,215,2.71762230893322
11473,395,6.0496998679204
11474,0.99,0.655187530107174
11475,509,6.07438544572551
11476,155,5.21053602976839
11477,100,4.60923840967989
11478,375,4.54926495492406
11479,199.99,5.29357872313946
11480,289,5.65389316332553
11481,645,6.02443870396365
11482,265,2.65560029228933
11483,0.99,0.482299270631974
11484,450,1.57282608681871
11485,599.99,4.84257186924951
11486,729.99,4.90940190916737
11487,749,6.17592724889076
11488,729.99,4.76357250306955
11489,499.99,4.82369177010919
11490,225,5.07923188155411
11491,499.99,4.99718655479298
11492,599.99,5.06023664203243
11493,729.99,4.83312242830117
11494,350,1.64443213487079
11495,300,5.48568646921348
11496,350,4.23514122512311
11497,320,5.80841017516917
11498,425.99,5.10250249543678
11499,260,5.56235689703984
11500,237,5.55372816737564
11501,150,5.10099979139722
11502,180,5.03762029508832
11503,80,4.39247175848187
11504,100,4.81550830466867
11505,179,5.24393971115476
11506,144.95,0.811308857845835
11507,69.99,4.2468444220405
11508,315,5.6041551135994
11509,135,4.94731564515947
11510,235,5.67874064466506
11511,160,5.10663392251426
11512,235,4.92983048718055
11513,295,5.64786281148289
11514,219,5.39325218497284
11515,299,5.72223706765009
11516,280,5.66286278748992
11517,330,5.33962547437325
11518,180,5.19995251650636
11519,500,5.77128722880871
11520,205,5.30873109090874
11521,208,5.38838894769749
11522,419,6.00926521932767
11523,165,4.63138601893873
11524,650,6.37648539715894
11525,290,5.71987042122284
11526,347,5.57123942244369
11527,175,5.00602266200979
11528,400,5.02718571151149
11529,730,6.22128652975825
11530,150,5.04272122028211
11531,225,5.64939916421566
11532,325,5.50470788825695
11533,749.99,6.11482718587804
11534,225,4.89166056620603
11535,150,5.02819780208057
11536,128,4.99691169445692
11537,105,4.6420470995163
11538,175,5.05780683996428
11539,550,6.05385425915746
11540,349.95,5.88900363077653
11541,250,5.08348063341242
11542,145,4.5909381434681
11543,210,5.23990421703652
11544,90,4.59296728697659
11545,100,4.4701781195758
11546,331.99,5.8424718076689
11547,348.6,5.11617774273076
11548,308,5.7217069772301
11549,349,5.76061881666527
11550,70,4.66864379352565
11551,350,5.08133053692129
11552,710,6.04943046145435
11553,230,5.05831106053103
11554,275,5.25159741564712
11555,380,6.00409207897614
11556,399.99,5.89496605809425
11557,280,4.38427659064644
11558,220,5.21174940966728
11559,525,5.38682785942899
11560,149,4.35193924686683
11561,350,5.836968505274
11562,275,4.89257233684195
11563,300,5.76033438638693
11564,327.58,5.91870143837387
11565,250,5.31114601218569
11566,400,6.10253255130188
11567,420,5.9569594183788
11568,289,5.00953275061636
11569,375,5.92864662443155
11570,250,5.45363341175835
11571,525,5.88750664496302
11572,269.95,5.47216979262263
11573,455,5.85937894045459
11574,200,5.3368478748806
11575,149.99,4.48050612667901
11576,400,5.91007287892151
11577,315,5.0127876853854
11578,500,5.88584601163899
11579,70,4.28030853856727
11580,450,5.51050154795185
11581,8,2.61360533585608
11582,195,5.27722800694114
11583,4.99,2.17645594578581
11584,259.99,5.21225960411531
11585,100,5.0026943034096
11586,350,5.47464013501329
11587,380,5.11911595714082
11588,200,5.09347977637501
11589,150,5.02893776108542
11590,380,5.90396801991261
11591,2.99,2.74381219594076
11592,350,5.77153969101898
11593,60,3.05229792507432
11594,480,4.59412225369748
11595,175,5.30007626472697
11596,69.69,4.24901596875543
11597,175,4.3556119919652
11598,15,2.98341690551417
11599,119.88,4.02063879263572
11600,225,4.78321443119901
11601,29.99,3.46649303453627
11602,119.99,4.31049057171638
11603,0.99,0.670195019898452
11604,150,4.71683836183986
11605,229,5.39644780159357
11606,199,4.05686304926957
11607,50,3.99307297997451
11608,149,4.97733011125326
11609,29.95,3.22354502839103
11610,129.99,4.09896681422164
11611,15,2.94722033036495
11612,229.98,4.23515495330475
11613,19.5,3.33645456073136
11614,69.95,4.18274285718553
11615,75,3.54205521043919
11616,50,3.9641474298806
11617,14.99,2.90196365038656
11618,100,4.48430584116771
11619,299.99,5.44720413665282
11620,0.99,0.67113150587872
11621,0.99,0.685425243199418
11622,30,0.56860446883498
11623,0.99,0.707242983967953
11624,25,3.15372584973779
11625,0.99,0.641889052917083
11626,114.99,1.62771454959752
11627,49.99,3.93214131268188
11628,10,2.2119888674942
11629,59.99,4.32306938944496
11630,30,3.23632837661691
11631,100,4.35789484627197
11632,30,3.34887614801315
11633,209,5.46481230667624
11634,14.99,2.80323791419908
11635,0.99,0.694562446905584
11636,25,3.27687571684015
11637,0.99,0.688117667968431
11638,39,3.86038458018642
11639,119.99,3.9035867122298
11640,89.99,4.40428983729403
11641,32.95,3.30079327645038
11642,550,4.74247913708303
11643,128,4.98672563492804
11644,80,2.91282960710485
11645,0.99,0.390305782090182
11646,40,3.96410775182636
11647,0.99,0.631230247227241
11648,71.99,4.49852043014375
11649,209,5.44967419122237
11650,92,4.39903712588617
11651,179.99,5.11803269310645
11652,0.99,0.617710603763675
11653,0.99,1.17672489925964
11654,0.99,0.688173569477897
11655,65,4.02601118080616
11656,0.99,0.688234889572873
11657,1,0.667235413579949
11658,128,5.05442440841276
11659,200,5.36105432664836
11660,0.99,0.64988552588998
11661,25,3.16611927706782
11662,30,3.44989317412391
11663,57.5,4.25633744314787
11664,39.99,4.05777131522655
11665,75,3.84505050540676
11666,5,2.36021168398787
11667,40,4.02905392474963
11668,119.99,3.95141456348279
11669,74.99,4.01647631646304
11670,29.95,3.71114604418648
11671,40,3.73989339819195
11672,50,4.03979275285293
11673,129.95,4.09056830313278
11674,45,4.06496105617612
11675,129.95,4.1549363886668
11676,54.99,3.93359944158453
11677,189.99,5.21514079435652
11678,1,0.690740127066144
11679,70,4.24010697417949
11680,49.99,4.04524174335274
11681,0.99,0.642284194529231
11682,399.99,4.28134953121791
11683,149.98,3.88749085634683
11684,157,4.61949846616586
11685,160,2.66212163702591
11686,50,4.1748185032778
11687,100,5.0632062811151
11688,1,0.663131624235308
11689,0.99,0.610382790101765
11690,0.99,0.635552748731854
11691,0.99,0.628002296770754
11692,150,5.03449920319283
11693,224.99,0.69368260393251
11694,15,2.93687743868547
11695,75,4.40242278725929
11696,55,4.91174609546669
11697,250,5.40466331532184
11698,89.99,4.34971739067374
11699,99.99,4.62171007553312
11700,19.99,4.40857716013811
11701,62,4.22357393455395
11702,144.5,5.00240864173892
11703,74.95,5.06350500757378
11704,99.95,3.81554369973288
11705,590,5.93830079658312
11706,0.99,0.670151460489978
11707,29.99,3.3476493716407
11708,0.99,0.688134638736401
11709,25,2.96176582293964
11710,0.99,0.661170941780029
11711,0.99,0.697875535202322
11712,42,2.33319046674672
11713,150,0.638703809761468
11714,20,2.87218759803773
11715,0.99,0.660515548669026
11716,1,0.714778954691315
11717,20,3.06915559148462
11718,100,2.78417678491913
11719,196.79,5.00407317640829
11720,150.87,5.00407317640829
11721,36.95,3.67882789917264
11722,0.99,0.686727771680141
11723,0.99,0.631415824453768
11724,209.9,4.03517184973303
11725,80,4.68153398916287
11726,0.99,0.683778489727904
11727,52.99,4.04340184401437
11728,60,4.67997127503392
11729,0.99,0.654763409795516
11730,0.99,0.64504732904222
11731,69,4.1570978057466
11732,9.99,2.80067982057341
11733,59.99,4.29929069702708
11734,10,1.89416328462192
11735,99.95,4.57060479775924
11736,0.01,0.16790948124282
11737,75,4.37612398943531
11738,36.95,3.67658606823608
11739,128,4.8367395726645
11740,99.99,4.57434963094543
11741,99.99,4.21979081412567
11742,100,4.89385818315848
11743,130,4.49018953903172
11744,0.99,0.648206880823533
11745,99.99,4.70572402003108
11746,155.99,0.470704974354252
11747,119.99,5.14612715102301
11748,65,1.47946563061869
11749,65,4.97833346483547
11750,165,4.74382368836662
11751,66.99,5.10525946914749
11752,199,4.34631708578993
11753,55.66,4.09301134785265
11754,79,4.49055300666077
11755,142.49,5.11217705972128
11756,85,4.6012506774384
11757,99.99,4.60735461696638
11758,0.99,0.686878520957106
11759,59,4.16539088148522
11760,99.95,5.19858915393145
11761,100,4.19269118458708
11762,100,4.27346617310792
11763,100,4.78531053201974
11764,91,4.78531053201974
11765,500,0.68804816072181
11766,45,3.41992782475833
11767,19.99,4.40022646274557
11768,155,4.14609529453629
11769,25,1.45937047752155
11770,150,4.68468254011651
11771,415,5.74223870132697
11772,319.99,5.48435990223594
11773,99,4.70270136639894
11774,179.95,5.35979928165417
11775,104.99,5.01413331518897
11776,275,5.37339526755725
11777,325,0.687873793346067
11778,9.99,2.92795458887875
11779,379.99,5.29659810024807
11780,279,4.63612439829225
11781,264.99,5.61331210015202
11782,579.99,5.9434482436263
11783,0.99,0.70447005283573
11784,249.95,5.50834316527887
11785,19.95,3.33923385153166
11786,379.99,5.81531200653412
11787,149.95,5.15832630919863
11788,149.95,5.30544773909009
11789,309.95,5.78139263464506
11790,324.9,5.27791306440552
11791,349.99,5.53873390244546
11792,375,5.88255575801206
11793,319.98,5.81603354454945
11794,374.95,5.78876546586906
11795,379.99,5.77964819224173
11796,80,0.766728357626997
11797,339,5.8865138563874
11798,509,5.92205382659726
11799,229,5.74791906279644
11800,299.99,5.21959952798706
11801,74.99,4.7691497744414
11802,250,5.65404078488096
11803,124.99,4.69253813240036
11804,409.99,6.03211560818298
11805,219.99,5.39597699734094
11806,100,4.7006966523425
11807,199.99,5.35210706775691
11808,0.99,0.583475965426391
11809,49.99,4.16816838095429
11810,149.99,4.92509326119844
11811,199.99,5.66557583926969
11812,36.95,3.68490301586466
11813,298,5.29640718229245
11814,319.99,5.80445959910779
11815,209,5.38621613422544
11816,319.99,5.79872480884971
11817,419.99,5.94948985449438
11818,249,5.50665996041799
11819,249,5.84599378822173
11820,179.99,5.31310637627098
11821,159.99,5.28739725894266
11822,279.99,5.70523697025608
11823,229,5.46374836693338
11824,129.95,4.37927597125528
11825,244.95,5.58767539005556
11826,319,5.46374836693338
11827,289,5.65061207574173
11828,249.99,5.594676905464
11829,49.95,4.32981200442514
11830,85,4.66027481492887
11831,0.99,0.609252550595906
11832,629,5.90949025415859
11833,429,5.82443156356336
11834,529,5.88939736220992
11835,430,5.46751770982768
11836,52.25,0.846013453086822
11837,90,4.66732204682686
11838,87,5.28198444302712
11839,50,3.8423251444109
11840,249.99,5.5769077358823
11841,139,5.29034057856385
11842,219.99,5.43652343684296
11843,329.99,5.8819982978698
11845,400,5.81199021218876
11846,250,5.36219345032309
11847,164.99,5.47131788593265
11848,129.99,5.11477462682415
11849,164.99,5.41646908017573
11850,119.99,4.93487612889784
11851,219.95,5.31182695227854
11852,59.99,4.09536837029794
11853,279,4.55497889733846
11854,319,5.2596380278362
11855,424.99,6.00176072082659
11856,89.5,4.81231112471765
11857,239.95,5.57211331774722
11858,329.99,5.6705621638262
11859,400,5.82631092014628
11860,89,4.65344237624315
11861,119.99,4.84359759641502
11862,105,5.00718270656084
11863,195,5.46783480706481
11864,219.99,5.42442755704794
11865,100,0.796095723776529
11866,210.99,5.53013477721209
11867,514.95,5.88191843647991
11868,79.99,4.88179241635375
11869,250,5.23278412136796
11870,149.99,5.39305066070827
11871,75,0.683310742333822
11872,145.49,5.44668931918734
11873,249,5.43588654925904
11874,153.95,5.49536416805383
11875,150,1.0871588835677
11876,274,5.7397608879894
11877,250,0.798227947247334
11878,250,0.678813325288403
11879,130,5.25487443836689
11880,229.99,5.3863391065882
11881,289,4.80738482611322
11882,303.99,5.63771724926028
11883,279.5,5.14796798724031
11884,239.99,5.10474826770571
11885,80,4.59526928420464
11886,345,5.82631092014628
11887,239.99,5.54658380427365
11888,269.85,5.90144760865727
11889,280,5.57152139714152
11890,212.99,5.44912751671815
11891,0.01,1.17672489925964
11892,139,5.2550467323304
11893,250,0.670273337130517
11894,129.95,5.26288735211346
11895,559,5.87984898112466
11896,499,5.48171932617758
11897,245,5.26622470368103
11898,250,5.3337194394112
11899,79.94,4.95005784661072
11900,219.85,5.30193426392544
11901,199.99,4.45201708276635
11902,199.99,4.73213151770781
11903,295,4.66009656413406
11904,359.99,5.75007611442252
11905,256.24,5.76062569662485
11906,25,0.688125688035348
11907,299.99,5.73792073331592
11908,199.99,5.40095148788679
11909,640,3.53385428337509
11910,145,5.45981906934635
11911,170,4.71522120929621
11912,284.99,5.46153741269842
11913,50,1.44571055443928
11914,200,0.6879622791719
11915,235,5.42657500467293
11916,619,5.81416713941791
11917,369.99,5.85362884523316
11918,100,0.690441521456503
11919,169,5.51963367555336
11920,219.99,5.40482227533403
11921,199.69,5.59383977702849
11922,69.5,4.49575389248964
11923,1,1.76482342103925
11924,275,1.52982306382558
11925,0.99,3.44362659274492
11926,199.99,5.29834863948246
11927,99.99,4.86807862183321
11928,175,5.67819836963064
11929,285,5.8459392116249
11930,0.99,0.89877746569227
11931,150,5.25487443836689
11932,329,5.81851926167742
11933,180,0.737376557754092
11934,246,5.34150496924021
11935,200,5.38783965690939
11936,285,5.81199021218876
11937,50,1.52699478398477
11938,230,0.783671102965999
11939,285,5.31734767032153
11940,175,1.35676345963383
11941,260,1.11342416082464
11942,80,1.84395425091912
11943,310,5.50204797147455
11944,100,0.687900959076925
11945,0.99,0.610933175717484
11946,99.99,4.53561994171582
11947,0.99,2.86993325487182
11948,239.99,5.64140622146702
11949,75,1.85933520930369
11950,120,0.912337415538648
11951,269.99,5.38617077880819
11952,399,5.76910088591561
11953,0.45,0.605129846757197
11954,223,5.59757080702973
11955,79,4.36341367706233
11956,0.99,0.89877746569227
11957,150,2.51487060913554
11958,275,5.54297410187441
11959,99,4.55635512045361
11960,74.5,2.4521464481262
11961,64.99,1.68817828852734
11962,239.88,5.59306698970453
11963,199.99,5.19843456505938
11964,84.99,4.868044586649
11965,269.99,5.38617077880819
11966,65,2.38982384486923
11967,100,1.96782624587408
11968,240,1.84959225042157
11969,90,1.87103626437951
11970,100,0.698893736930569
11971,150,2.39951997244341
11972,89.99,4.43995114876542
11973,0.99,1.94775781891793
11974,0.01,0.84698248321063
11975,48.99,2.0591013663016
11976,225,1.45604701582251
11977,70,2.75697186993148
11978,194,2.33563172504572
11979,1,2.49560659123723
11980,129,5.07785269366598
11981,90,1.31680001489339
11982,80,1.84565916609608
11983,1,0.840226286727663
11984,139,5.10389508575369
11985,0.99,0.89877746569227
11986,179.99,5.39435756128769
11987,100,1.35676345963383
11988,225,5.55836954007264
11989,0.99,1.36048508814246
11990,100,0.931247279190879
11991,50,2.49560659123723
11992,150,0.698622645973293
11993,1,0.667594296063759
11994,419,5.87553901693137
11995,199,4.37346371772004
11996,95,2.0473295943571
11997,550,1.84988424142269
11998,135,5.24756846745755
11999,115,5.12092877231688
12000,100,1.96782624587408
12001,85,1.82344489875611
12002,0.1,1.43073126732329
12003,0.99,2.672030105741
12004,50,2.71396586635043
12005,49.99,4.49353760671177
12006,129.99,4.759731521526
12007,99,4.45685206101901
12008,300,0.709126237987699
12009,150,0.829497353881701
12010,0.98,0.693224434273565
12011,0.99,0.796311740511124
12012,179.99,5.35583324794949
12013,235.99,5.33671375754419
12014,239.99,5.5764215240431
12015,85,1.82344489875611
12016,190,5.07452186305228
12017,1,2.49560659123723
12018,0.99,0.683310742333822
12019,85,2.85989961800922
12020,70,1.52699478398477
12021,70,2.04046335431903
12022,40,1.44184292310767
12023,19.99,4.00491988281711
12024,160,5.50460825470349
12025,10,3.08501306371928
12026,1,0.675536405238499
12027,1,0.804509646286816
12028,290,1.74692838064049
12029,150,2.30366832137651
12030,0.99,1.52699478398477
12031,1,1.96663062646691
12032,259.99,5.10389508575369
12033,180,2.70384692547493
12034,288,0.918801248247824
12035,291.99,5.62716450512302
12036,289.79,5.70647033069296
12037,90,4.67680676143768
12038,199.99,5.50045047742057
12039,150,2.19499973762749
12040,259,5.30403846851014
12041,150,1.31680001489339
12042,120,1.77287771037915
12043,499.99,5.72418772538595
12044,93,3.51298767841863
12045,450,2.59871222850749
12046,139,4.77094717128125
12047,520,5.80926027140467
12048,74.99,1.44571055443928
12049,20,1.85933520930369
12050,249.99,5.38179908363986
12051,25,0.766798533212527
12052,175,5.23551280081895
12053,189,4.87761463703518
12054,169,5.51963367555336
12055,29.99,4.33192958806337
12056,90,1.32914993081295
12057,230,5.33440484326647
12058,249.98,5.16015142325233
12059,140,0.670171120370213
12060,145,5.07810039162552
12061,0.01,1.93232896338652
12062,1,1.35195279281546
12063,195,0.689110151249492
12064,250,0.694639868298325
12065,125,0.796095723776529
12066,179.99,4.8487046248865
12067,99.95,4.77606389381777
12068,1,0.688056180788728
12069,559.99,5.46557063430214
12070,290,5.36816241385352
12071,92.14,4.78888000115695
12072,99.99,4.77094717128125
12073,79,4.38485833364872
12074,290,1.88720371677364
12075,225,2.28846447861427
12076,9.99,4.44949225915418
12077,171.95,5.36610071584032
12078,189.99,5.29781666224975
12079,199,5.00930023585071
12080,149.99,4.89735769864374
12081,150,0.789950965836022
12082,99,4.81181193510003
12083,50,2.46258081918702
12084,0.01,1.60242436666081
12085,230,4.88337456569187
12086,92.14,4.78888000115695
12087,0.99,2.69598435539771
12088,215,5.76781973526696
12089,99,3.75076464944456
12090,90,0.693260023320513
12091,0.99,2.89536611596653
12092,174.99,1.96782624587408
12093,150,2.42923493606749
12094,95,2.39951997244341
12095,144.99,5.39234580767496
12096,9,5.88074841007484
12097,99.99,5.01880113863276
12098,150,5.44119391648415
12099,170,2.93661880912056
12100,204,5.51778593085051
12101,189.99,5.29781666224975
12102,1,1.13754848455611
12103,367.97,5.60938161521034
12104,370,5.78566391592995
12105,0.99,2.06295856189938
12106,290,5.71037765643468
12107,0.99,0.683113016460148
12108,329.99,4.40078697048159
12109,259.99,5.61973159654124
12110,374.99,5.4687729682752
12111,200,0.776280538122816
12112,480,2.42364107415944
12113,200,1.09685003624003
12114,75,2.04046335431903
12115,200,1.89152061927836
12116,99.99,4.43995114876542
12117,225,0.661622000014787
12118,30,1.96782624587408
12119,181,5.07810039162552
12120,259.99,5.34205502598435
12121,75,0.675511441599425
12122,469.99,5.00453846367718
12123,5,0.809892044626075
12124,50,0.685895419622467
12125,99.99,4.63825377826091
12126,99,4.76166986938638
12127,200,1.7502906498618
12128,165,5.24421839238193
12129,25,1.17470041074372
12130,50,2.99633260137272
12131,389.99,5.83499718195563
12132,200,1.66390702469415
12133,144.99,5.40243884139714
12134,100,2.92525288206934
12135,275,5.42106667844353
12136,112,1.27917879473444
12137,74,4.94499465094923
12138,140,1.96782624587408
12139,0.99,0.78850681221795
12140,129.95,4.25723146170884
12141,238,0.668252449385822
12142,185,5.07810039162552
12143,211.5,5.34369193376943
12144,314.99,5.36816241385352
12145,99,4.77364699644663
12146,0.99,1.14597874834078
12147,50,1.54478317452966
12148,124.99,4.99737884470325
12149,0.99,1.80893817383425
12150,417,5.40108922107711
12151,96,1.90641304349335
12152,0.99,0.627866461087617
12153,310,5.46861841558171
12154,350,2.14385515275869
12155,200,2.52540922470053
12156,40,2.93120995128565
12157,107,2.34105374892549
12158,189.99,5.08032749331902
12159,379,5.74046430212412
12160,25,0.688056180788728
12161,99.99,4.43995114876542
12162,199,4.78047976862912
12163,179,5.05750910501887
12164,50,5.41539769959037
12165,265,5.68097798672739
12166,0.99,0.324648506107422
12167,325,0.889184303417619
12168,99,4.73909902140906
12169,121,1.64107076755855
12170,200,5.40336647893188
12171,179,5.5227070435632
12172,0.99,0.627866461087617
12173,0.99,0.685470690245284
12174,199.99,5.00479973941003
12175,199,5.23807006007884
12176,369.99,5.78991417044436
12177,10,1.06613308299891
12178,410,5.46332545582363
12179,168,5.11862821520516
12180,150,2.45248636449939
12181,60,0.727237097086567
12182,200,0.681522970456196
12183,149,4.77364699644663
12184,50,5.41539769959037
12185,220,1.58194126874608
12186,249.99,4.49405405423885
12187,325,0.717686771438742
12188,150,3.02677678531229
12189,149,4.77035982344109
12190,50,0.796311740511124
12191,299,4.63825377826091
12192,300,0.684112432243866
12193,214.98,5.42801841330767
12194,150.99,5.25487443836689
12195,199.99,5.62891543546495
12196,89,4.45685206101901
12197,299.99,5.43081666530397
12198,90,4.85488031578488
12199,199,4.63825377826091
12200,75,0.864443313490909
12201,0.99,0.686534565377511
12202,300,5.35732283066254
12203,289,4.8487046248865
12204,250,0.688221471341027
12205,0.99,0.674728320161111
12206,200,1.26014679438824
12207,179.99,5.3397897332232
12208,140,1.21005357057063
12209,339,5.02181827638275
12210,109,5.06882962900364
12211,199.99,5.33094166086966
12212,400,0.806272531206028
12213,0.99,0.627866461087617
12214,150,0.796095723776529
12215,0.01,1.66987433092761
12216,162,5.6236807612428
12217,149.95,4.5595420605756
12218,172,5.23551280081895
12219,190.99,0.906319080085998
12220,150,5.35912084192059
12221,89.95,4.22892114075941
12222,300,5.40108922107711
12223,350,5.33007236851803
12224,499.99,4.96658941847242
12225,149.99,5.3380825201401
12226,180,2.27525609447654
12227,50,1.26330837434177
12228,324.99,0.775303469825855
12229,58,0.683310742333822
12230,197.97,0.773319133868884
12231,85,2.22042054085175
12232,0.99,2.37700718489448
12233,79.99,4.74638420799092
12234,0.99,2.49560659123723
12235,98,4.59526928420464
12236,119.98,4.59306639083604
12237,0.99,1.16328822351894
12238,350,5.78566391592995
12239,350,0.84698248321063
12240,0.99,0.67113150587872
12241,169.99,4.97443563885091
12242,315,5.39654337473173
12243,100,4.49871612319535
12244,49.99,4.71285898341876
12245,0.99,0.629619387687315
12246,275,5.32787975204183
12247,255,5.30430594935561
12248,89.99,4.81257674624034
12249,375,1.12636678817286
12250,344,5.43739541218286
12251,199,5.51458367851293
12252,350,1.60478150620497
12253,249.97,4.65567966716417
12254,45,1.6694352614588
12255,588.18,5.55742068797072
12256,375.99,5.98955077381053
12257,249,4.87761463703518
12258,494.5,5.5050909853175
12259,155,4.75118866745581
12260,0.99,1.67011844343876
12261,199.99,5.01094797992856
12262,559.99,5.81495547860014
12263,0.99,0.843801158674444
12264,99,4.93627797895357
12265,1,1.26029236112918
12266,370,4.74359016700967
12267,450,5.76482483372454
12268,178.99,0.700892232999908
12269,158.99,5.3708489503808
12270,249,4.89078073806962
12271,1,2.28061354053446
12272,300,0.619613220973543
12273,175,1.54665369645516
12274,174.99,1.73154882647123
12275,199.99,4.575102862304
12276,249.99,5.26692031446719
12277,399.99,5.86768802866779
12278,199.99,5.0770181708589
12279,175,5.12986861347809
12280,279.99,4.69920760185724
12281,449.99,5.82762399977505
12282,588.18,5.55742068797072
12283,230,1.54098914457526
12284,625,5.78961922359007
12285,165,1.96782624587408
12286,595,3.14154772527264
12287,199,5.20232210571588
12288,334.95,5.60129539554701
12289,300,0.638388008774001
12290,175,5.31363777108433
12291,250,1.01165331035122
12292,347.24,5.8493961100361
12293,214.95,5.27475762039846
12294,300,5.47007696801218
12295,160,5.31952152853589
12296,549.99,5.8152994645839
12297,150,1.46861117259709
12298,249.99,5.37714700362624
12299,150,5.25487443836689
12300,509.99,5.83059193679793
12301,100,5.0780770518681
12302,429.99,5.78185286888658
12303,279.99,4.87664263392676
12304,320.99,5.64587139854877
12305,90,0.700892232999908
12306,450,5.3872271138039
12307,99,4.25623723324926
12308,0.01,0.687408704133581
12309,164.99,5.48784003341595
12310,0.99,0.931247279190879
12311,499.99,5.55982833606605
12312,319.99,5.79347142118806
12313,590,5.81464362243793
12314,258.98,4.74359016700967
12315,169,4.4409897758947
12316,249.99,4.85437069377442
12317,645.99,5.79448590622088
12318,211.95,5.38988816043651
12319,245.19,5.38294887199277
12320,445.95,5.86146149014448
12321,419.95,5.26853884735574
12322,0.99,1.01496878205518
12323,389,5.86440490571211
12324,130,0.78101950228194
12325,112.99,4.84046616966262
12326,375,5.46844105224703
12327,217,5.29701422006258
12328,499.99,5.77064401577488
12329,299.99,5.41691483916714
12330,549,5.79577603560563
12331,225,2.23561266224271
12332,0.99,1.46861117259709
12333,279.99,5.51940456101166
12334,438.99,5.73054583585156
12335,370,5.67819836963064
12336,415,4.743409946058
12337,96,5.14471671974069
12338,385,4.74359016700967
12339,255,0.636807168127323
12340,0.99,2.97142142598321
12341,175,4.60745567053786
12342,215,4.66009656413406
12343,285,5.42801841330767
12344,425,0.694639868298325
12345,399.94,5.68506079152506
12346,300,0.84698248321063
12347,101,4.78899819926083
12348,0.01,1.12393751511562
12349,329,5.7962320610445
12350,280,5.4214642083184
12351,649.99,5.81495547860014
12352,350,2.51309723878586
12353,0.99,0.645465053461693
12354,0.99,1.29603983197762
12355,325,5.81311913613435
12356,265.99,5.36687582486361
12357,200,3.34791933405363
12358,174.99,5.07810039162552
12359,159.99,5.59031046161646
12360,102,5.0393813113242
12361,350,1.02966587280261
12362,165,5.36703054187566
12363,799,5.89514021775667
12364,595,0.787892458880114
12365,280,5.36816241385352
12366,125,0.767394801117747
12367,165,1.96782624587408
12368,190.45,5.02242133224534
12369,419.99,5.46280971896194
12370,319.99,5.80371698475313
12371,399.95,5.6720408254993
12372,449,5.97884240254878
12373,91,5.00184276145941
12374,0.99,0.950391669031647
12375,170,5.45756110382448
12376,228.88,5.51898876395063
12377,150.99,5.34069499158442
12378,650,0.842396547230363
12379,147.72,5.40841722230713
12380,179.99,5.22710646077451
12381,115,5.39761706036089
12382,271,4.74359016700967
12383,200,4.93376804940118
12384,189.95,5.47730241484783
12385,400,5.57518155875121
12386,349.99,5.666681054126
12387,650,5.53118598491604
12388,179,4.43179383998617
12389,315,5.67819836963064
12390,680,5.79448590622088
12391,149.99,4.8487046248865
12392,0.01,1.98604738282317
12393,280,5.50855458703425
12394,599.99,5.79641346358302
12395,795,5.9396348595024
12396,329.99,5.78578951311345
12397,275,5.21688647296466
12398,324.99,5.57366392539927
12399,154,5.49374302837175
12400,299.95,5.41965653977542
12401,284,5.61516698480244
12402,199.99,5.11794461173709
12403,35,0.84595330258494
12404,499.99,6.02210323945004
12405,250,5.3639555306215
12406,0.99,2.87130990157719
12407,159.99,5.73554535807967
12408,70,4.9550898636963
12409,165,5.11862821520516
12410,249.99,5.81068521740214
12411,229.99,5.30771143331031
12412,749.95,5.81416713941791
12413,99,5.00080748935169
12414,740,5.83292523419402
12415,320,2.90251461080344
12416,149,5.42988559059286
12417,426.3,3.82812476122691
12418,679.99,5.2749890115776
12419,279.99,5.33802001440319
12420,200,5.40815603168079
12421,689.99,6.04615835442676
12422,460,5.85337162918297
12423,789.99,5.91182052622365
12424,634.99,5.80323515229843
12425,899.99,5.89514021775667
12426,324.99,5.38695037641331
12427,549.99,5.92756912506364
12428,285,5.39534885998659
12429,389,5.26018053421911
12430,295.95,5.44258187866104
12431,399.95,5.72888836596995
12432,0.99,0.375671469737245
12433,300,5.24261474655575
12434,130,4.77084732078354
12435,550,1.24428302378281
12436,424.65,5.78905096742392
12437,90,5.03636614528259
12438,475,5.84349790615528
12439,659.49,5.93435365802063
12440,177.99,4.66009656413406
12441,204,5.60116362096515
12442,406,5.60116362096515
12443,285,5.58960515819143
12444,229,4.96496590994392
12445,394.99,5.14415427268236
12446,450,5.73054583585156
12447,50,1.64726425129434
12448,7.99,1.54419555210183
12449,465.99,6.03967784958374
12450,470,4.61989747313338
12451,445,5.78905096742392
12452,358.24,5.95166522504389
12453,749.95,5.80301678624975
12454,320,5.36816241385352
12455,639.99,4.78962432808522
12456,0.99,2.93990503352074
12457,399.99,5.78774335622223
12458,639.99,5.89620661767322
12459,154.99,4.64788556659243
12460,408.6,3.53385428337509
12461,0.99,1.12031230404787
12462,345,5.07841288749571
12463,249,4.86859490782971
12464,399,5.49973959765908
12465,249,5.29664511076938
12466,38.99,4.85403774118369
12467,0.99,0.688309075191861
12468,800,5.77297101251486
12469,500,5.45369163969524
12470,210,0.522576753099695
12471,9.99,4.89527865599465
12472,450,5.51005560213615
12473,475,5.35189952920512
12474,190,5.47156394565044
12475,43.2,3.53385428337509
12476,450,4.66009656413406
12477,118.84,3.53385428337509
12478,99.46,4.55349602854824
12479,5.65,3.53385428337509
12480,14.99,3.53385428337509
12481,7.99,3.53385428337509
12482,137.95,3.53385428337509
12483,79.95,4.55349602854824
12484,450,0.84595330258494
12485,116.33,3.53385428337509
12486,149,4.54282613842269
12487,100,3.16367012744728
12488,334,5.82584051717169
12489,339.5,5.78774335622223
12490,280,1.76482342103925
12491,120,1.96782624587408
12492,235,0.941876498641693
12493,55,0.688125688035348
12494,400,5.83943601060793
12495,485,5.91660980197474
12496,299,4.62822927475296
12497,399,4.82579956878005
12498,0.99,0.796095723776529
12499,250,1.58153552832506
12500,599.99,5.04570937972669
12501,729.99,5.16204989645701
12502,240,1.19525060830535
12503,879.99,5.03810030467307
12504,300,2.53652088129731
12505,160,5.12986861347809
12506,599.99,4.86270533881418
12507,17.75,1.88175621711889
12508,599.99,5.11541684996268
12509,729.99,5.04554837531915
12510,189.99,5.22710646077451
12511,310,5.52669796788418
12512,95,4.89746172870364
12513,204.95,5.50796362265818
12514,399.99,5.83683520478462
12515,100,5.14734266542804
12516,155,5.24421839238193
12517,250,5.57366392539927
12518,250,5.25016661889177
12519,275,5.61908665081319
12520,235,4.868044586649
12521,309.98,5.27639465381503
12522,500,5.77871432078249
12523,275,5.29784660205156
12524,250,5.02350536687479
12525,300,5.34915714289051
12526,300,5.51555490605904
12527,550,5.83326284810888
12528,255,5.03822207569532
12529,299,5.83374778592436
12530,750,5.7698892325673
12531,180,5.23551280081895
12532,225,4.59526928420464
12533,420,5.82921394194066
12534,239,5.50865718085287
12535,182.77,4.99539661824766
12536,279,5.65635467823932
12537,299.99,5.42607272570114
12538,280,4.74359016700967
12539,350,5.73260669530768
12540,220,5.42594273521505
12541,579.99,5.79577603560563
12542,120,4.86753600086027
12543,190,5.59315121688347
12544,510,5.64635612737041
12545,250,5.21983226571149
12546,300,4.76150019793325
12547,400,5.57366392539927
12548,820,5.82613816578979
12549,149.99,4.18555443295582
12550,105,4.81286945131467
12551,100,0.522346514545548
12552,119,4.59890734362172
12553,69,4.20689354627103
12554,80,5.6146335519128
12555,50,2.26238254925399
12556,49,4.43163643347723
12557,150,4.49418904487977
12558,70,2.36378198035951
12559,0.5,0.53923248215648
12560,79.95,4.25343005973042
12561,119.99,4.61759478859026
12562,99.99,4.48234681271333
12563,35,1.98285977311918
12564,20,1.01796202815867
12565,99.95,4.35404474876593
12566,10,1.44169520029396
12567,1,1.67504547739088
12568,0.99,2.36378198035951
12569,0.99,2.06392519476127
12570,20,2.03077902854825
12571,59.99,4.38193862622783
12572,30,1.21905226384998
12573,9.5,3.8166328129621
12574,139.99,4.30325439284706
12575,90,0.670079834827521
12576,229,5.3167240603331
12577,0.99,0.688467209218258
12578,63,4.71214019556863
12579,35,0.662863160265967
12580,65,4.15964368172567
12581,0.99,2.37640531933695
12582,29.99,4.06635056834241
12583,30,5.03370068791326
12584,75,0.700640105929054
12585,99.95,3.93160218312183
12586,0.99,2.26238254925399
12587,89,4.05380497588237
12588,20,2.87851552822168
12589,149.99,4.79388474160525
12590,75,2.29652041123723
12591,50,1.83891179152178
12592,99.99,4.37711374072163
12593,350,5.71031616189186
12594,49.99,4.46413375278151
12595,9.99,3.8637882465657
12596,1,0.687986005203198
12597,0.01,2.37695803693297
12598,106.95,4.58941042610235
12599,20,2.04090376707373
12600,220,4.56768269639034
12601,85,0.758577490814255
12602,49.99,4.18293968638423
12603,99.99,4.40011695749084
12604,125,4.98063868446988
12605,0.99,2.26238254925399
12606,0.01,2.37640531933695
12607,79.99,4.25291427999939
12608,0.99,0.8326497729005
12609,110,1.96356145963221
12610,114.48,4.63814015360932
12611,10,0.666574311353681
12612,9.99,4.29486249999605
12613,200,4.62476278088653
12614,99.99,4.26265033347281
12615,150,4.22697929991957
12616,69.99,4.30679840182062
12617,139.99,4.28400657964482
12618,119.99,3.96431732546059
12619,80,1.34593960207414
12620,49.99,4.67315243081715
12621,0.99,2.83109231518059
12622,145,4.33799812185329
12623,10.99,0.698712617086011
12624,109.99,4.56872854997816
12625,999.99,4.5127367117321
12626,85,4.89866331070736
12627,85,4.79195123491732
12628,99.99,4.25242135667896
12629,249.99,5.04525099040116
12630,200,0.686337525811304
12631,109.99,4.30713003132507
12632,554.77,3.53385428337509
12633,549.99,5.81416713941791
12634,700,5.53619803311218
12635,0.99,0.958938574881403
12636,229,5.30095767439325
12637,179,5.45535225296778
12638,219.99,5.6051448269957
12639,49.99,4.03569321568165
12640,149.95,5.50065141942575
12641,289.98,5.44549807173109
12642,72,4.98063868446988
12643,55,1.15394717558531
12644,89.95,4.76611555912606
12645,199,5.46266934652455
12646,100,4.77832448521646
12647,199,5.46266934652455
12648,99.98,4.3466410782927
12649,99.98,4.25790521715176
12650,169.99,5.72154475131463
12651,188.88,5.31095365047413
12652,439.99,6.02412060200107
12653,50,1.55808760576049
12654,104,4.47919418218759
12655,95,4.99169579644885
12656,199.99,4.7194163543347
12657,149.99,5.34142913923048
12658,7.99,4.08465227344336
12659,139,5.47942178837047
