"UniqueID","startprice","startprice.predict."
10001,159.99,148.943592351339
10002,0.99,-16.6884109080899
10003,199.99,190.381463260173
10004,235,237.348711309022
10005,199.99,323.867173030373
10006,175,177.774682683313
10007,100,130.30181682778
10008,329.99,293.625925277869
10009,0.99,14.8474788775118
10010,150,145.189209523391
10011,199.99,196.380792397046
10012,99.99,98.1885799324072
10013,20,35.461975887223
10014,75,45.5279735073626
10015,199.99,218.299777896478
10016,344.95,368.254381984578
10017,184.5,195.798061027418
10018,209.98,202.680502882702
10019,375,361.607944360313
10020,95,76.8608571984737
10021,125,125.283907440386
10022,187.5,184.11608871669
10023,129.99,175.642263989728
10024,329.99,342.532615194324
10025,149,498.483128391731
10026,238.8,191.919179832332
10027,84.99,82.0824324868924
10028,249.99,216.012638681452
10029,309.99,244.463947675773
10030,319.95,338.706729801645
10031,185,187.876620967356
10032,90,78.6626668810264
10033,299.98,316.666248070085
10034,49,77.3286650470483
10035,444.99,373.033422422645
10036,480,413.674571951817
10037,225,246.082645026577
10038,79,77.0678647384395
10039,189.85,177.892490699574
10040,159.99,200.116146613929
10041,199.99,179.272379604658
10042,115,82.8604368052808
10043,289.95,356.646016287092
10044,499.95,383.788268967248
10045,199.99,227.656645379226
10046,550,543.108391945418
10047,209.99,233.97670175316
10048,185,188.752495301524
10049,100,101.218209203532
10050,279.99,265.608587407138
10051,614.99,564.063827983814
10052,259,211.208645846691
10053,240,192.791646452867
10054,69.99,45.2604983990948
10055,398.99,323.843289920091
10056,175,147.586562504331
10057,84.99,121.808712082561
10058,269.99,232.872678859725
10059,295,228.433788100814
10060,210,197.337890434489
10061,160,214.365464098696
10062,0.99,-16.7537026054957
10063,304.89,271.237774866786
10064,0.99,-18.5821420991725
10065,195,153.926514380446
10066,319,356.468911533349
10067,389.99,467.435870483135
10068,79.99,75.2549028492895
10069,254.99,231.942534502896
10070,115,98.9826888209807
10071,159.95,214.386463557955
10072,279.99,325.810738763025
10073,99.99,91.0604301999832
10074,75,88.5818960541808
10075,135,93.1908810344347
10076,130,116.146154296404
10077,119.95,200.163836514177
10078,50,63.4849461514454
10079,269.94,238.44419078422
10080,380,428.509093703637
10081,0.99,22.5734282235181
10082,169.95,221.005651909536
10083,319.85,497.807887140952
10084,329.99,499.299149479836
10085,249.95,162.522916871659
10086,130,116.19685322245
10087,550,508.207777055207
10088,169.98,208.415703996939
10089,149.99,140.79092008377
10090,305,267.004948306034
10091,0.01,23.5746619985173
10092,450,471.976121028011
10093,194.29,225.013602697776
10094,193.15,210.354706058254
10095,62,61.7681316875207
10096,489.99,395.352952308685
10097,99,77.9186760174546
10098,45,40.8427084677027
10099,134.95,136.495934935884
10100,199.99,177.429581713928
10101,264.99,241.293816987264
10102,349,482.122966889874
10103,160,98.9939824029564
10104,295,270.722121264624
10105,199,195.137371195321
10106,279.95,260.097058009506
10107,149.95,97.8335902394086
10108,290,301.818892010135
10109,339.99,362.168962451699
10110,99,97.6263287676237
10111,320,218.066891093087
10112,255,62.6844761332032
10113,114.99,109.992034727591
10114,250,290.488339871812
10115,250,210.410042402224
10116,549.99,537.47611742873
10117,215,206.456262588103
10118,325,280.95647535631
10119,199.99,224.227021886053
10120,250,194.445257427963
10121,249.99,229.662589111802
10122,299.99,212.477200566766
10123,159.99,137.273739266301
10124,9.99,59.4345984898764
10125,125,172.797211407105
10126,344,231.521187884894
10127,100,66.927372527515
10128,250,210.43584396202
10129,175,194.747097992363
10130,100,97.5913777483232
10131,150,141.215849965059
10132,119.99,206.102633367852
10133,225,188.56322952019
10134,49.49,70.2854642406509
10135,225,134.325800184789
10136,389.99,318.114785674732
10137,255,245.127487056161
10138,25,52.8553300892557
10139,274.99,360.426778136738
10140,0.99,45.3525325481923
10141,185,155.831180001525
10142,250,221.680219823739
10143,99,137.836811985055
10144,215,270.367188417805
10145,58,24.7283042253559
10146,187.5,192.929502570473
10147,189.99,194.047204005767
10148,229,259.02499427737
10149,159.93,210.507041121591
10150,89.95,86.5055311297787
10151,60,96.0752717004011
10152,0.99,18.6083531574264
10153,639.99,544.225884799145
10154,40,50.4883943798134
10155,284.99,195.273046804139
10156,29.99,43.8613398975502
10157,49.99,56.0088622319817
10158,139.98,162.221929845581
10159,199,217.429107883243
10160,294.99,303.229517777532
10161,499,540.855868119401
10162,50,63.6717742689713
10163,299.99,379.547352270982
10164,270,274.450843557316
10165,80,77.5069606690219
10166,0.01,31.5907666108049
10167,399.99,286.813545415308
10168,279.95,255.570383274608
10169,50,57.383955060693
10170,329,355.639792134828
10171,187.5,193.846610913608
10172,269,354.243006503493
10173,50,56.2669146501052
10174,0.99,13.6962026567057
10175,65,68.0202347572822
10176,89.99,78.0152899305556
10177,149,179.10077613055
10178,184.95,217.140824933609
10179,99,115.402036780992
10180,225,214.896176238583
10181,200,208.300082199604
10182,100,48.8230615934802
10183,319,314.9397619459
10184,15,143.21681410357
10185,99,63.7438232751579
10186,99.99,109.63579055126
10187,174.95,114.498511034189
10188,299,270.791754239203
10189,0.99,7.82211173604991
10190,50,60.4626692631141
10191,215,221.411484983566
10192,62,59.2386548172716
10193,250,166.0623925424
10194,100,127.195371080549
10195,200,53.1129539277825
10196,99.99,93.6792497549662
10197,404.99,390.533397827423
10198,0.99,2.70258302075752
10199,50,27.9019052741836
10200,89.99,118.051098320084
10201,49.99,46.2307577779224
10202,100,91.9393799455945
10203,79.99,82.3527856764622
10204,309.99,243.573139546558
10205,415,456.286810672229
10206,200,158.234373739583
10207,269,352.369027258456
10208,184.99,194.176938140635
10209,50,62.438115771649
10210,165,187.637937195536
10211,25,-3.75018461362642
10212,299,272.246545140339
10213,99,62.6502996363918
10214,99,151.867670891693
10215,374.95,476.284193464146
10216,189,209.245809680793
10217,75,37.0558600502988
10218,175,177.004570974583
10219,480,460.78727308614
10220,0.99,-8.69594136378958
10221,465.99,454.772893606292
10222,399.99,194.379307853027
10223,0.99,-8.25631624452872
10224,50,53.6967048149447
10225,70,63.7512567445778
10226,1,36.7781116181761
10227,299.99,239.792617539715
10228,150,190.639997108801
10229,187.99,291.219069501493
10230,42,49.2617789111989
10231,399.99,431.320831977984
10232,425,510.515569246179
10233,0.99,6.11045455918125
10234,339,354.93768833221
10235,164.99,180.053038584735
10236,319.95,315.100654659109
10237,99,83.80151827055
10238,0.99,15.6237602019439
10239,398.99,335.025425664186
10240,55,57.2972384281692
10241,99.99,63.1228536401984
10242,175,158.814000931711
10243,140,108.859956234769
10244,155,292.926242248064
10245,300,254.040042093202
10246,400,223.463147657716
10247,1,7.77182822281203
10248,89.99,110.854080999311
10249,114.94,81.7045156359099
10250,45,45.1959092175357
10251,89,100.246793471168
10252,159.99,217.106600763131
10253,200,208.752768248458
10254,229.97,43.7402936474898
10255,0.99,3.08725687546579
10256,40,46.8806013431449
10257,499.99,379.04735561316
10258,0.99,18.2081874650805
10259,150,141.575124931687
10260,334.99,352.826846267849
10261,250,158.717367504042
10262,59.95,39.6642907637511
10263,50,80.251949586831
10264,225,121.675541911484
10265,80,75.1902433489344
10266,320,314.978456856152
10267,335,374.888268940219
10268,200,178.280230703394
10269,100,79.6656469429696
10270,29.99,39.2441252760403
10271,75,78.3481432046208
10272,305,307.482621209016
10273,150,142.948875416126
10274,144.99,143.604465377117
10275,78,85.1742875438536
10276,19.95,11.3922670392335
10277,300,349.128109651226
10278,100,94.3851174991961
10279,399,361.130760623559
10280,329.99,344.49819031981
10281,0.01,6.25003458206215
10282,199.99,234.942923079349
10283,20,64.1979722730647
10284,100,134.579482065517
10285,0.01,8.90665626482208
10286,41,2.37371742408574
10287,439.99,399.6300134748
10288,74.99,80.7870559756755
10289,250,225.997432020946
10290,50,46.0603289133383
10291,0.99,20.4812937572136
10292,0.99,40.2636773285071
10293,5,-3.54332148925739
10294,19.99,40.170141190329
10295,50,51.8998628269841
10296,89.99,59.4313887808551
10297,490,429.487952462986
10298,99,138.870603474543
10299,200,54.8232194130961
10300,39.99,48.3361993160844
10301,58,54.4040013321351
10302,225,120.025737355659
10303,50,44.1557563024342
10304,200,218.00767823856
10305,0.99,11.493951163076
10306,80,36.7876887891498
10307,250,373.210824767051
10308,325,285.873328692155
10309,25,22.9910601494499
10310,100,101.097593007417
10311,185,191.466494695384
10312,305,307.609739993814
10313,99.99,54.1851873547713
10314,500,226.543141247533
10315,350,374.135481519541
10316,187.99,292.236402683639
10317,109.98,98.8099751046948
10318,9.99,11.1054495088124
10319,345,351.542211030697
10320,350,539.607119712936
10321,19.95,36.8767296926383
10322,5,27.4144613552688
10323,100,99.0998957801868
10324,70,66.183948956157
10325,124,144.441381828867
10326,125,135.001274326351
10327,0.99,13.7411789947966
10328,80,44.2986524788353
10329,97.5,93.6391987336028
10330,0.1,37.7482287056695
10331,100,111.689626023515
10332,375,343.045234103319
10333,20,43.3993597122388
10334,99.75,84.6068919625571
10335,250,184.33820746644
10336,70,78.8037375498668
10337,100,128.193797375136
10338,400,399.766858392969
10339,48,64.2004328435863
10340,0.99,29.1834318168186
10341,40,25.537981651003
10342,295,297.216849501557
10343,130,126.744834947836
10344,310,270.682780957455
10345,80,85.3052283345229
10346,250,215.332172289693
10347,150,92.8243071590176
10348,99.99,101.383554481152
10349,40,59.9558885703663
10350,75,70.4935757823446
10351,140,85.6608140692536
10352,50,57.0501018891639
10353,292.5,337.03231830844
10354,100,130.299067493052
10355,74,74.4225799032058
10356,134.61,103.411162991644
10357,100,100.626149587453
10358,125,122.38341121068
10359,275,214.677303902495
10360,0.99,5.15002498088842
10361,75,72.7037190486709
10362,189.99,225.395714475683
10363,149.99,172.952414505846
10364,75,80.5127165316124
10365,1,16.6684104319733
10366,99.99,90.2574900591143
10367,199.99,181.337921289205
10368,149.99,149.321076030808
10369,339,259.69477984504
10370,99,113.4007660622
10371,0.99,22.8126082741536
10372,75,79.3192049390071
10373,120,123.05703368951
10374,185.49,144.848046782966
10375,350,366.874326532739
10376,150,145.522306935724
10377,179.96,119.338860620293
10378,242,243.191256264256
10379,9.99,20.0868964255756
10380,50,73.152442520423
10381,389.99,366.255856516386
10382,95,74.9119378196146
10383,264.95,112.809779139997
10384,75,80.3845298244924
10385,15,150.724017397774
10386,165,256.428153910516
10387,49.99,69.9885023691116
10388,187,175.699983304493
10389,100,86.3246943938373
10390,15,150.286347148201
10391,29.99,61.3654158310558
10392,150,138.045836342531
10393,71,68.6710563644794
10394,200,211.891197256248
10395,90,117.737274249859
10396,150,145.723799832431
10397,0.99,9.91776585496598
10398,0.99,107.458990756807
10399,299,286.587139841604
10400,30,33.3035291843232
10401,0.99,0.0995510199659773
10402,0.01,-4.2109960690964
10403,0.99,43.8237976340761
10404,179,75.6063726416455
10405,75,66.1508053208163
10406,70,86.813002430943
10407,99.99,115.318729882467
10408,99.99,103.169628381616
10409,175,205.634207464284
10410,400,362.822686264162
10411,150,143.890402149563
10412,90,128.010865258251
10413,120,156.793885679655
10414,280,249.139537291298
10415,33,39.4201140019596
10416,89.99,84.2807819247657
10417,115,99.6618905813275
10418,130,125.720581100055
10419,9.5,34.6643252393467
10420,0.99,14.942877941467
10421,0.99,-17.8029114149441
10422,0.99,-10.0294627362927
10423,350,-19.1209363855979
10424,249.99,244.870365632278
10425,200,206.364145999973
10426,310,276.307800794456
10427,245,220.060449474616
10428,458,532.317524582268
10429,265,272.031004979589
10430,89,74.6501770546778
10431,0.99,-19.042415482302
10432,228.59,250.408972578098
10433,249.97,200.540295887277
10434,249.99,218.648993012238
10435,250,189.822014486225
10436,500,486.617183314002
10437,100,80.7652890445483
10438,1,38.7210461124841
10439,299,249.433847472886
10440,340,195.899457952766
10441,0.99,18.3197095101473
10442,9.99,72.235806532838
10443,50,66.2463177058257
10444,25,17.469927654853
10445,99.99,122.47735283341
10446,0.01,26.0799305627264
10447,248.18,194.416058473192
10448,50,39.6303619185177
10449,200,189.294360503372
10450,0.99,23.9802250330817
10451,185,222.619217489135
10452,1.99,-7.98589351997588
10453,325,348.644191006419
10454,125,127.633849846305
10455,190,22.8472915626127
10456,150,138.344132525739
10457,125,120.093012334634
10458,229.99,175.988606384183
10459,0.99,97.0969569565369
10460,0.99,53.2769108285414
10461,400,437.053392414451
10462,199,190.723851212518
10463,40,91.9353749150509
10464,75,84.0043337860132
10465,188.99,231.454262485352
10466,99.94,111.596556262823
10467,249.98,204.268612531353
10468,299,289.894365461863
10469,225,248.266444253084
10470,19.99,34.9606886242159
10471,110,114.205647318084
10472,200,147.663233045753
10473,249,158.370901095753
10474,125,114.165675157986
10475,1,3.70985784368929
10476,60,70.8021157498053
10477,179.99,182.855770259035
10478,5,5.55573398359362
10479,90,102.105308892589
10480,0.99,16.7043781444128
10481,50,46.3738525765497
10482,115,118.328207485536
10483,249,216.616637646972
10484,50,59.5297208085029
10485,252.99,196.994641853188
10486,1,74.6652492427852
10487,80,86.1341535079994
10488,40,107.785921397608
10489,100,120.188691222269
10490,408,496.442940298902
10491,5,55.1863812828824
10492,125,112.36993125778
10493,49.99,84.1091965331187
10494,124.95,93.6748190425575
10495,159.99,113.535709915115
10496,130,121.581374665999
10497,0.99,-2.73069112821824
10498,89.99,144.816991661402
10499,111.5,97.549998424968
10500,315,244.432643927385
10501,199.99,163.4571937413
10502,160,172.994512209644
10503,184.99,221.305167154299
10504,150,125.148020852798
10505,75,90.7736570824428
10506,200,217.412924568124
10507,118,113.719516953776
10508,199.99,209.679146788589
10509,250,218.905447381437
10510,99,115.388844043494
10511,150,154.747643394641
10512,79,86.9285049665628
10513,399.99,381.536548630357
10514,59.99,62.5247903238938
10515,210,235.549584338045
10516,92.49,50.7101004930087
10517,99,108.245931587299
10518,154,244.215414658487
10519,149.99,165.603084337615
10520,169.99,197.86636029374
10521,120,119.888543479759
10522,195,229.364652583986
10523,425,453.38714916803
10524,200,235.918041921111
10525,300,226.243866774532
10526,69,52.2296219495819
10527,300,143.488395825254
10528,149,79.2324610723875
10529,150,72.1294367581991
10530,110,118.9085353492
10531,99,85.7034468078068
10532,224.98,65.0745854713508
10533,99.99,85.7574379941498
10534,89,84.5533309781874
10535,380,267.82836485523
10536,149.99,151.333935355326
10537,14,158.132107370107
10538,120,113.515347594238
10539,149,261.40787845962
10540,99.99,105.430020573304
10541,400,123.925789445769
10542,0.01,4.84636770460357
10543,0.01,7.08325640726805
10544,475,503.054057087349
10545,99,88.8953124716391
10546,394.99,334.606028957928
10547,175,158.816476563897
10548,50,48.0780467571343
10549,300,284.554990960938
10550,399.99,394.81090594739
10551,9.95,25.8212676506436
10552,59,64.7074496337377
10553,50,24.2195651051147
10554,234,230.740775288848
10555,349.99,350.149124595907
10556,72,87.9788336719753
10557,170,182.140892022674
10558,0.99,38.7419537712376
10559,325,249.846261263945
10560,140,272.049324515912
10561,0.01,11.0506387397452
10562,147.59,147.965796775073
10563,399.99,313.290064860148
10564,95,27.7601683962351
10565,499,440.617591742283
10566,45,35.2081017164936
10567,125,119.667841160617
10568,82.95,55.5695379525489
10569,150,110.584940525526
10570,0.99,71.0913608040657
10571,199.99,221.282096844475
10572,185,145.026496891547
10573,201.99,186.570423945029
10574,289.99,223.045901363961
10575,219.99,212.908293321954
10576,89.99,86.1260936051828
10577,279,261.195020420759
10578,150,120.934966503607
10579,0.99,42.7711196742259
10580,49.99,84.5411439051341
10581,75,53.3605087697403
10582,149.99,134.102921703074
10583,275,242.674066274436
10584,249,271.898016405688
10585,0.99,-0.26024543785645
10586,198,152.322638207586
10587,300,436.456918604512
10588,111,117.455560187131
10589,100,102.841902515783
10590,410,394.810995237364
10591,150,152.987683722599
10592,300,244.5533739867
10593,100,80.7795582392944
10594,60,486.086732305918
10595,113,34.4255043501499
10596,155,244.803466731071
10597,90,302.744188777
10598,180,168.943724204478
10599,99.99,108.813367331207
10600,30,38.6730058896227
10601,699.95,246.615546125131
10602,275,-18.8558618300138
10603,94.99,62.7158088812631
10604,0.99,39.2427513839333
10605,550,335.620661272073
10606,0.99,39.4314474015062
10607,210,89.1745696863859
10608,179,185.900485547041
10609,80,269.163293553545
10610,155,154.185950331879
10611,150,195.391643186602
10612,209,206.179428248684
10613,439.99,454.21132869825
10614,349.99,378.697710682095
10615,200,154.973984958786
10616,150,129.133105797178
10617,0.99,14.6026413946307
10618,100,106.515495374677
10619,395,253.658621142455
10620,9.99,10.5975540774582
10621,125,120.977409657865
10622,208.99,241.050496518198
10623,9.99,33.9891554234144
10624,0.01,21.7257005653984
10625,559.99,562.315910569035
10626,60,81.9410605001776
10627,39.99,40.5536610485912
10628,175,82.2555781426284
10629,229.98,234.854260542076
10630,180,183.599716196609
10631,0.01,12.3005900701647
10632,120,185.741368863183
10633,50,50.3416884247224
10634,145,142.803331184543
10635,9.95,20.2750654972398
10636,299,248.224842569045
10637,560,514.858874930077
10638,159.95,71.0607624488585
10639,49.95,53.7734480213681
10640,0.99,55.0581349215674
10641,159,196.203640867327
10642,50,47.0387134678663
10643,560,496.891161003664
10644,549.9,514.763995342439
10645,80,115.780617020623
10646,149.99,140.96965484547
10647,449.99,414.935055544003
10648,79.99,48.9298381535493
10649,227.95,187.337708722866
10650,785,568.390247476703
10651,186,274.530362984682
10652,200,205.191932259861
10653,200,242.874427763461
10654,220,206.440464226257
10655,349.95,340.253278069065
10656,225,176.349069954772
10657,0.99,25.6857115965744
10658,100,39.7770615003041
10659,0.01,-1.5121011688142
10660,329.99,278.343407857752
10661,55,63.1533494256508
10662,100,97.7616679342923
10663,250,190.766095297138
10664,180,192.950117771758
10665,127.99,225.807613758847
10666,0.01,1.75914785018033
10667,89.99,154.905018892704
10668,469.99,207.663285235581
10669,0.99,38.0204098606921
10670,50,39.8012779405012
10671,400,12.5628663216117
10672,99.99,108.268679255683
10673,179.99,77.7517542778458
10674,222.72,211.664249588847
10675,280,317.900236885817
10676,285,227.381766400583
10677,79,101.474853948386
10678,99,115.649595640375
10679,387.45,212.287145167281
10680,239.99,203.677632806988
10681,175,211.569312281279
10682,438,510.108735526307
10683,140,50.7391548448347
10684,139.99,134.88809850971
10685,99.99,119.035412199677
10686,199,217.779054586546
10687,80,73.7902612296249
10688,0.99,4.06865023679619
10689,200,184.413753041825
10690,185,213.317899897147
10691,449.99,166.779247447188
10692,49.99,67.4042455511467
10693,259.99,267.563227310332
10694,149,158.731303131245
10695,175,83.1325609500506
10696,150,147.319005322187
10697,50,66.2265573907143
10698,1,-6.98473472664558
10699,9.99,10.3071648185763
10700,319.99,249.646173798229
10701,194.95,213.064869420814
10702,80,58.6252778174925
10703,218,168.41128129506
10704,0.99,35.0238181863014
10705,210,123.875785651404
10706,150,58.1332251704589
10707,429,169.900413774468
10708,0.99,14.5798324063551
10709,215.99,185.953223901933
10710,219.99,249.070584286588
10711,199.99,231.430900324101
10712,0.99,9.65650549427611
10713,9.99,9.29967344943792
10714,112,121.656667313751
10715,89.99,121.035675598579
10716,80,103.627778862298
10717,288,283.733963756895
10718,159.95,179.698889635089
10719,319,399.636980328246
10720,10,6.68779947766517
10721,99.99,85.8754919395057
10722,244.96,84.9909621770991
10723,56,83.8193251207379
10724,340,274.504080761234
10725,129.99,121.474578237231
10726,0.99,30.2533908875884
10727,150,152.147489989044
10728,79.97,78.118585922224
10729,0.99,36.0419199635398
10730,300,294.096937632381
10731,459,198.223738751402
10732,99.99,73.5164413435791
10733,209.99,223.304161435664
10734,19.99,15.8946685302951
10735,80,63.1270262229553
10736,99.97,126.060536553403
10737,220,209.972108271838
10738,350,234.945015009279
10739,169.99,186.498812158489
10740,100,82.3654793940365
10741,199.97,61.7851119067689
10742,559.99,379.050190915308
10743,90,33.0154596567408
10744,320,341.876919371749
10745,174,207.368739770705
10746,400,406.815568333073
10747,209,208.187756101131
10748,350,150.462011353969
10749,95,40.6783972267976
10750,0.99,12.0734737985325
10751,200,163.539365118917
10752,265,189.507288135806
10753,0.99,-3.43473901003185
10754,149.99,154.551918977526
10755,199,231.497735159116
10756,125,55.6672321956482
10757,75,59.2580874379957
10758,0.99,-14.571783254683
10759,99.99,70.2809853331303
10760,150,23.1379548687641
10761,0.99,25.433453403746
10762,449.99,125.396629412662
10763,180,217.127221682247
10764,400,241.24843788669
10765,249.99,247.137856759786
10766,199,106.611079605042
10767,614.99,355.016132646867
10768,1,41.2169640047539
10769,0.99,23.3216812742459
10770,260,184.158463536339
10771,265,229.544663204758
10772,129.99,77.0592082028535
10773,50,44.6282144605903
10774,266.05,126.284987974453
10775,485,446.677604981663
10776,171,233.198545712378
10777,76,294.7195762335
10778,10,36.2018676371905
10779,50,39.5765552234911
10780,129,109.079171854814
10781,0.01,21.2920027607613
10782,1,19.756549992223
10783,350,370.570724116697
10784,50,84.351755759403
10785,164,33.5176366463234
10786,249.95,75.468218249072
10787,339,330.285375186685
10788,200,245.629200232677
10789,160,160.327341613201
10790,50,39.4343106840515
10791,395,169.791666023386
10792,550,444.678515193258
10793,800,463.474451458588
10794,525,425.226019911112
10795,175,167.764399885838
10796,199.99,197.195710323523
10797,349.99,403.088293655262
10798,50,49.0176733010041
10799,239.99,251.572310050357
10800,565.95,282.427463134764
10801,180,28.7154554152656
10802,0.99,-21.1926690451537
10803,630,615.864086291994
10804,89,277.269595440226
10805,399,348.354345764428
10806,232.99,330.158293488797
10807,167.38,144.542830262879
10808,65,64.2581982356581
10809,299,264.701829642798
10810,0.99,-1.71735502938133
10811,160,143.127099287019
10812,346,350.404415855944
10813,0.01,6.35105204098473
10814,50,46.5371127100937
10815,299,271.5010132007
10816,0.99,21.3784510811186
10817,0.99,-16.7811421151746
10818,249.99,252.006624892821
10819,175,159.87738426009
10820,0.99,27.1069519258934
10821,129.99,201.049740375613
10822,0.99,14.0589258528601
10823,239,244.358319347676
10824,250,260.168860315469
10825,150,126.758212438929
10826,75,70.5865523991766
10827,319.99,264.272249844665
10828,249.97,41.4654493048901
10829,188,306.021785317904
10830,300,345.857468037562
10831,199.99,220.984807345227
10832,160.57,144.126366133485
10833,182,237.995523648447
10834,300,262.880953925607
10835,109,92.6595827268201
10836,125,-10.5488233423312
10837,37.98,123.747492320449
10838,400,348.562465210776
10839,529.99,511.104280066172
10840,0.99,27.6151307471157
10841,79.99,60.3914369557643
10842,119.99,91.3844828178756
10843,100,94.529044245719
10844,0.99,-18.3465223575017
10845,649.99,225.2509525645
10846,399.99,366.603706388074
10847,299,276.36134507397
10848,150,145.258969514361
10849,258.98,295.059315421352
10850,279.99,185.286566490154
10851,150,234.298396845179
10852,350,366.603878690212
10853,75,66.6883755811429
10854,0.99,18.2154273150199
10855,0.99,17.1594045436347
10856,249.99,217.848542444152
10857,200,86.3230068137969
10858,100,96.803136670586
10859,90,82.5980320028164
10860,375,305.377742817169
10861,0.99,38.699876608826
10862,250,200.089486252269
10863,0.99,17.9941015930592
10864,185,154.841300384443
10865,579.99,325.490210771926
10866,0.99,27.4214078795501
10867,500,327.781918473579
10868,107,86.1311211172131
10869,300,224.832118921714
10870,159.99,164.65273410541
10871,45,36.0600563615859
10872,249.99,253.146869136828
10873,279.99,219.300163225958
10874,276.99,192.662711662218
10875,95,86.3824179480852
10876,10,17.837844738696
10877,379.99,298.534676324074
10878,275,160.225463014126
10879,145,92.6157934186052
10880,275,258.89333942709
10881,0.99,-2.29780120753178
10882,200,165.825639386284
10883,439,418.466939887967
10884,379,410.338069957446
10885,0.99,16.3139085714503
10886,350,237.772750138699
10887,180,228.146374050025
10888,194.85,178.741161344212
10889,360,447.968408147057
10890,500,204.24398413528
10891,463.26,250.067734678397
10892,0.99,27.0336033392133
10893,99,216.309279185714
10894,795.99,491.135729219671
10895,259.95,141.023068081
10896,275,300.239050596006
10897,100,101.626828895253
10898,100,102.277496572519
10899,0.99,17.5499502095266
10900,300,49.4206380758049
10901,125,145.713561976958
10902,199.99,194.052256109259
10903,244.97,293.460262313564
10904,249.97,79.4032356986078
10905,175,145.349730207847
10906,199.99,159.295161045595
10907,75,80.2394628302487
10908,500,426.003325789307
10909,660,500.606676272176
10910,359.99,266.94021368369
10911,525,376.494818982593
10912,0.99,-6.42620547161647
10913,0.99,-17.3613817566922
10914,209.85,214.137098496318
10915,299.99,210.441600476593
10916,149.97,155.276634435064
10917,179.99,-17.6717719831827
10918,174.99,200.439823150747
10919,250,308.987646627412
10920,250,246.126509389613
10921,349.99,347.295119306771
10922,200,9.72866722066929
10923,10,-4.93117670955404
10924,449.95,278.937712185412
10925,350.25,279.024696090271
10926,260,250.256493416623
10927,479.99,202.779370135556
10928,154,270.162684986068
10929,239,47.6744420066577
10930,376,278.866669214158
10931,0.99,22.2337228213836
10932,385,269.249129944746
10933,322.99,382.698996069914
10934,162,234.073062185549
10935,675,672.571672872236
10936,10,70.3772970153149
10937,120,70.7935110188614
10938,229,143.982427643433
10939,459.99,145.709433053813
10940,350,287.758487142295
10941,149.98,69.3836348163236
10942,105,81.8606483560732
10943,120,72.0183853592277
10944,25,95.6843057238382
10945,449.99,410.475873045513
10946,318,377.692569032056
10947,400,288.083232514729
10948,110,122.258308697844
10949,200.29,269.911235762483
10950,339.99,381.354316792751
10951,829.99,654.767989872001
10952,150,33.8318422930994
10953,529.99,371.2804011716
10954,300,363.339854248064
10955,70,72.3639375032675
10956,279.99,391.050259259335
10957,241.88,294.700210161352
10958,0.99,11.2763266234373
10959,115,87.7695389054448
10960,499,208.537371739273
10961,375,296.333284637733
10962,499,566.318891062381
10963,80,76.3417410934559
10964,193,239.38974003275
10965,99,84.8087256889247
10966,0.99,19.3722575198484
10967,399.99,167.200053579993
10968,174.99,244.376994322959
10969,159.99,139.958044301989
10970,259.99,63.4906082966248
10971,175,178.951424943489
10972,199.99,65.6810089985153
10973,180,96.4806966381986
10974,200,154.281446834582
10975,359,269.644364847458
10976,350,353.210084530372
10977,279.99,212.786435090043
10978,139.5,164.249814785548
10979,549.99,361.35208303657
10980,334.99,326.049161439248
10981,279.99,208.591792976891
10982,900,557.538825740748
10983,510,486.946664497999
10984,235,218.697069679628
10985,389.99,445.741842665067
10986,439.98,388.924973088657
10987,462.89,498.342843048903
10988,0.99,4.57678947051908
10989,299.99,366.39607688776
10990,239.99,206.035315288085
10991,300,260.437596294827
10992,110,105.197384669505
10993,299.99,220.117395646556
10994,150,153.674863424778
10995,379.95,358.177723951067
10996,227,134.181666036916
10997,99,125.201963181361
10998,0.99,36.5185121247575
10999,387,269.498011717529
11000,550,190.106662551872
11001,249.99,186.368055862745
11002,179.95,211.107401210279
11003,589.99,539.912364098922
11004,169.99,49.7572161753534
11005,176.27,171.029670383863
11006,339,147.561421836066
11007,80,104.008164597056
11008,165,104.925116904282
11009,130,83.7208711704091
11010,388.3,227.206721806358
11011,179.95,175.816301455162
11012,429.99,458.054267069634
11013,500,513.793121110164
11014,460,244.562906877211
11015,173,226.636968095047
11016,220,44.7843118114219
11017,245,171.945766244485
11018,249.99,317.438847033095
11019,720.12,226.916688704389
11020,300,270.701851674562
11021,500,238.79543787206
11022,289.99,258.276740924466
11023,200,233.928565954246
11024,298.97,107.70818414869
11025,160,159.721256970111
11026,229.99,249.444023144039
11027,149.95,130.479179200198
11028,24.99,97.0379843075843
11029,108,308.624228784357
11030,99.99,101.265792970472
11031,229.99,311.686366166977
11032,234.99,175.369354163214
11033,152,83.6271062483992
11034,699,306.144762419793
11035,475,396.909109093868
11036,209,175.156705038535
11037,90,77.9432759373502
11038,85.95,60.4894282218069
11039,0.99,29.6781069054644
11040,320.99,369.29731917098
11041,339,304.039558890125
11042,528,530.22543413599
11043,0.99,4.83065404429616
11044,146.99,222.766268367644
11045,539.95,504.826245243029
11046,92,146.658233499743
11047,199.99,171.307141723904
11048,160,215.389453989173
11049,349,396.772318726238
11050,84.99,60.5831136040694
11051,225,175.824935618724
11052,180,62.8486347652117
11053,450,466.192394556494
11054,100,48.6828459598191
11055,100,134.860138408944
11056,250,240.110699997461
11057,300,265.932368881667
11058,517.89,561.879224376936
11059,500,520.634677667208
11060,397.75,205.134773683935
11061,200,234.136681997174
11062,239,210.404154382289
11063,259.99,228.310585394993
11064,250,263.765176376947
11065,429.99,215.556148234456
11066,99.99,125.90985564472
11067,549.99,246.209924550881
11068,294.99,208.733743486814
11069,189.99,237.22940073665
11070,398.99,291.596768971562
11071,429.99,390.401237359454
11072,199,47.421910986608
11073,495.49,494.756076991115
11074,249.59,257.065192715153
11075,250,264.42244447263
11076,99,150.359429239493
11077,108,310.653922425245
11078,225,71.7877964536189
11079,350,205.475221186651
11080,82.98,61.0584515453888
11081,190.45,205.338811901341
11082,101,152.340075109137
11083,415,397.134899305012
11084,469,339.644300266661
11085,0.99,22.8548935040189
11086,249.99,260.179873908202
11087,227.88,160.261288522933
11088,350,451.192411085443
11089,199.97,168.123579722507
11090,280,199.286771351314
11091,172,240.719085082276
11092,199,35.9691131750863
11093,199.99,144.607298313719
11094,449,430.984959379958
11095,349.99,82.1204423928244
11096,0.99,39.6151873292691
11097,300,13.4322080636651
11098,310,355.601510152518
11099,1,49.2998585637804
11100,0.99,0.142446688009189
11101,215,211.085728587888
11102,0.99,2.95724889627309
11103,170,166.963849514081
11104,257.83,385.385086543615
11105,303.67,265.680422810048
11106,258.88,245.154631117955
11107,160,182.046880974966
11108,196,286.125695675445
11109,174.99,98.1044852586113
11110,550,488.194231940676
11111,100,60.6950988099876
11112,424.95,458.723988618068
11113,500,246.730800564918
11114,120.02,89.799903655321
11115,0.99,-3.38819302466802
11116,110,142.023408367609
11117,25,1.1292617769776
11118,469.99,354.228808324479
11119,389.99,325.328872919903
11120,325,200.321793360452
11121,426.99,144.787494865698
11122,0.99,0.288741215047767
11123,449.99,475.987598085848
11124,198,213.425166251791
11125,319.95,338.61266656034
11126,419.99,396.766707635099
11127,150,81.5396652292632
11128,400,436.057283761379
11129,350,264.313472512021
11130,495.99,377.454582782086
11131,500,533.553560866592
11132,339,443.091958222338
11133,300,275.697973213521
11134,99,95.2094083479201
11135,289.95,263.945876914554
11136,549.95,469.834731783432
11137,229,297.132136460048
11138,259,1.96688616190638
11139,149.97,63.2537557644794
11140,649.95,554.087388047029
11141,615.99,491.21393524404
11142,0.99,-4.23708670529056
11143,270.99,345.550225278137
11144,175,114.930688649315
11145,430,242.216065632941
11146,379.99,421.191141080704
11147,299.95,275.615227410221
11148,600,219.140921709675
11149,275,196.666608499761
11150,585.99,498.34533925865
11151,550,515.832836999955
11152,245,143.132908677593
11153,180,218.99683106125
11154,329.99,377.187956389416
11155,250,84.3176002068725
11156,299.99,234.993132419721
11157,165,49.3546164661027
11158,175,202.599124154113
11159,260,152.943014363852
11160,340,311.949080741151
11161,174.99,148.104339838896
11162,388.99,396.709114692069
11163,90,108.071891295193
11164,349.99,261.190887842794
11165,400,380.487616423174
11166,299.99,89.5572550532833
11167,375,376.955945388747
11168,443.09,377.41319772215
11169,155,141.433544125382
11170,128,205.624438569362
11171,275,288.320576856523
11172,149.99,210.407800561842
11173,149.59,139.046223725681
11174,209.99,191.982701736149
11175,290,30.3896702712827
11176,789,598.321351412013
11177,224,315.36064902338
11178,239.88,240.565250121107
11179,252.88,246.827769374843
11180,0.99,-31.2028410001609
11181,159.99,-5.40330055006413
11182,639,516.796547205376
11183,619.99,401.082009401047
11184,499.99,368.952316938688
11185,429.95,414.558924135563
11186,325,348.681831079519
11187,535,319.476941903638
11188,289.99,297.147154800168
11189,454.68,405.265101925285
11190,104.7,89.3382189645084
11191,649.99,327.734434660005
11192,450,450.046561073628
11193,155,138.40814136233
11194,310,229.353755468908
11195,250,24.7329056921521
11196,149.99,162.668271317892
11197,679.95,539.211964109762
11198,396,251.013979708102
11199,0.99,19.6725313233615
11200,379.99,369.514134983521
11201,105,126.970979656606
11202,119,124.538088867193
11203,379.99,198.794422160613
11204,15,148.729579808053
11205,549,495.140769590914
11206,439.98,405.242269156297
11207,124.95,218.253795585604
11208,263.99,353.27948571876
11209,400,177.135785200182
11210,575,395.215625006619
11211,454,409.297589949679
11212,450,443.809622812011
11213,0.99,-14.5003008727923
11214,749,558.940010865107
11215,550,276.958254375616
11216,300,59.4304712393666
11217,624.99,578.948632615272
11218,349.99,442.827630141688
11219,430,317.251113020265
11220,449,309.446997785632
11221,279,165.278608568803
11222,367.97,243.094880427405
11223,179,42.9814952424278
11224,679.99,509.977790071374
11225,499.99,515.912965181924
11226,375,370.013061542317
11227,558.17,325.768507643674
11228,159.94,235.954693575253
11229,425,251.76046671927
11230,248,252.001532032748
11231,0.99,51.6975997525309
11232,200,44.3024268203247
11233,199.99,160.366962709371
11235,0.99,91.4368842584216
11236,0.99,41.68183475112
11237,250,87.5777001233405
11238,639,493.752976202346
11239,99,18.3763406352574
11240,119.99,104.837147165323
11241,100,129.61485767979
11242,393,253.399280039669
11243,100,120.338617447477
11244,159.99,324.895425288013
11245,0.99,4.09833632584488
11246,259.99,180.745094951575
11247,349,448.426898323212
11248,184.99,125.581933399066
11249,0.99,31.9388497005966
11250,9.99,0.838438827393898
11251,153.99,251.662955332294
11252,389.99,438.572154426245
11253,384.99,461.442900124033
11254,579.99,451.502129873928
11255,599.99,552.01118289657
11256,0.99,27.8888530144386
11257,198.98,138.246686954821
11258,150,10.1223501054292
11259,490.95,307.500605170836
11260,260,180.567449793096
11261,179,282.963394459286
11262,575,62.9875297302992
11263,200,263.447894028454
11264,670,467.786582211103
11265,380,268.753896418967
11266,350,174.758179095767
11267,215.99,268.008654492141
11268,439.99,456.214845481967
11269,358.87,202.531226716392
11270,939,618.757287471487
11271,279.99,245.04109707674
11272,575,479.151796701597
11273,544.49,210.604883981582
11274,515,113.524242370673
11275,142.25,208.175175855099
11276,349.99,247.21803353815
11277,0.99,-4.70553418017893
11278,300,41.9615805801964
11279,249,160.659636444589
11280,95,158.504758814958
11281,25,20.297577433661
11282,561.53,433.49683067201
11283,948.98,533.143699586837
11284,300,271.860237918388
11285,320,31.7481045019474
11286,424.55,460.61067907804
11287,540,240.633898429541
11288,300,289.955600864539
11289,0.99,23.8965395681207
11290,349.99,170.379673739334
11291,299.99,290.190171106856
11292,799.99,522.641281656417
11293,100,107.989241675008
11294,165,294.177205429996
11295,425,461.227233334321
11296,70,81.4738665938571
11297,349,333.804956131921
11298,280,238.182888238696
11299,499,442.13950911055
11300,650,467.174262382343
11301,314.99,255.494112188839
11302,149.99,143.821140115317
11303,149.99,308.536819806784
11304,220,212.775225516097
11305,199.99,132.715455217464
11306,798,507.964451245029
11307,149.98,98.198473533983
11308,520,252.426451603378
11309,95,83.3280681524903
11310,351,290.087211194695
11311,229.95,146.003060702169
11312,189.99,149.836609048519
11313,0.99,-5.15288962747738
11314,259,273.529170524067
11315,399,266.986054875019
11316,104.99,96.9886925753301
11317,569,340.20248461005
11318,214.99,271.328075973099
11319,385,329.208416412463
11320,199,249.351260926103
11321,600,420.542488663882
11322,134.34,216.487925446819
11323,1,18.5387324044307
11324,79.95,53.1561141221476
11325,350,129.461473652507
11326,40,34.4231126729721
11327,141.09,297.451653875008
11328,375,286.259441527625
11329,445,31.3397899498969
11330,0.01,-1.65551467341721
11331,650,503.26120893064
11332,45,27.8276310083122
11333,295,255.006909475647
11334,560,501.586793560819
11335,220,70.9784320959496
11336,599.99,522.369651156339
11337,395,269.808516218949
11338,379,350.315719197976
11339,389.99,379.268736625592
11340,609.99,529.661599919741
11341,187.89,143.25820732208
11342,175,157.032461715945
11343,280.99,355.692045729559
11344,0.99,26.3598848071069
11345,99,101.412493422065
11346,215,60.0392761225086
11347,200,269.980424140865
11348,295,319.683364210875
11349,175,58.3569199456909
11350,499,463.427031157931
11351,150,91.6358418352262
11352,425,230.453169691247
11353,9.99,14.5768988109958
11354,300,333.025908659345
11355,589,339.513932945459
11356,575,555.556791062026
11357,24.99,296.493084075055
11358,320,241.050205449273
11359,595,405.550426328313
11360,200,16.1971294791845
11361,0.99,-35.2719027810095
11362,285,271.246215385107
11363,498.88,473.07009805724
11364,350,215.268971056979
11365,204,270.210621043375
11366,125,129.66202439816
11367,276.99,297.864884811099
11368,0.99,7.89424166909485
11369,50,80.9306825040489
11370,459.95,453.974577238357
11371,529.95,399.133073984404
11372,265,224.770076457725
11373,459.99,431.137415439262
11374,360.24,494.073684720254
11375,261.99,299.907154201911
11376,573.74,345.629445616755
11377,315,31.0950675381238
11378,340,298.179359266061
11379,440,453.340965539861
11380,180,203.135090133429
11381,237.99,286.454126209393
11382,439.99,452.856284017949
11383,395,369.459988853267
11384,598.98,452.785754712205
11385,240,192.566641398119
11386,150,79.5831296976691
11387,300,272.946719911436
11388,300,196.517172039815
11389,168,211.845417172258
11390,212.99,168.24820030737
11391,20,25.4421992874247
11392,639.99,472.953579456928
11393,350,473.650321016418
11394,498.88,473.300234258391
11395,400,228.684952399371
11396,279.5,308.137259016347
11397,999,193.947404617441
11398,298,139.114322675375
11399,499.99,392.174368682406
11400,149.99,137.759916530587
11401,125,84.2701183223798
11402,275,312.324643578506
11403,473.6,331.46561438254
11404,520.9,353.482274380417
11405,339.99,355.533520609061
11406,0.99,-15.3298408822865
11407,648,451.413130484214
11408,648,451.180951374105
11409,450,-16.1995084008649
11410,220,236.852909026659
11411,300,93.4392906350158
11412,195,244.075596882622
11413,695,251.883748843701
11414,0.99,-56.655849244409
11415,175,197.301814417512
11416,0.99,-28.1977514928841
11417,99,318.822257000482
11418,375,170.620418704295
11419,700,72.2848203365047
11420,150,128.429154345389
11421,329,318.34785092656
11422,1,-56.3732049592939
11423,700,299.949238979403
11424,200,217.899641600346
11425,599,238.00657724228
11426,525,456.825067652721
11427,179.99,165.985747780493
11428,300,392.315179390709
11429,290,253.8011096293
11430,50,65.8092129494955
11431,325,407.131809245505
11432,100,74.4562158417732
11433,150,158.838138541709
11434,325,157.330067588718
11435,100,77.9926111527769
11436,399,401.66742385531
11437,180,73.0555714208899
11438,109.99,295.729977028932
11439,110,43.6083221193414
11440,51.99,168.055807783696
11441,14.49,64.4010947219421
11442,44.99,83.1931568783938
11443,30.99,264.856259497419
11444,3.99,167.553775575303
11445,8.99,168.090663886621
11446,127.95,167.459432425961
11447,220,86.4927579608767
11448,4.69,166.698102590214
11449,9.99,132.968749055783
11450,139.99,169.671830426918
11451,69.99,175.492970169743
11452,139,166.607185071408
11453,350,272.865002543362
11454,39.99,169.243298686366
11455,9.95,178.478681069108
11456,28,168.713733849443
11457,70.99,261.667358867356
11458,255,137.320154377056
11459,28.75,169.550806221319
11460,339.98,310.89721826546
11461,750,531.830873719116
11462,0.99,35.2738531786151
11463,250,267.101285688529
11464,332.5,247.26756194801
11465,118.95,285.940921886849
11466,149.99,290.709925541448
11467,100,95.1604793303793
11468,199.99,163.086131776474
11469,100,95.8757638747647
11470,75,59.9429925045608
11471,0.99,90.9637830517802
11472,215,38.5066686476658
11473,395,518.593792797541
11474,0.99,-14.6339953935904
11475,509,505.661884689424
11476,155,145.009011141823
11477,100,65.3439399422017
11478,375,96.5054641438531
11479,199.99,214.945152625635
11480,289,261.311713942833
11481,645,468.307034470868
11482,265,47.6517284296563
11483,0.99,-28.7891530627202
11484,450,21.4692327285221
11485,599.99,91.5664429173665
11486,729.99,162.977795140698
11487,749,560.382678628695
11488,729.99,65.7537820470054
11489,499.99,9.02685165123481
11490,225,193.072061336586
11491,499.99,-3.92332241885286
11492,599.99,95.3600124312
11493,729.99,44.2382741111071
11494,350,111.507157587237
11495,300,257.70905277018
11496,350,124.162942703313
11497,320,358.161502400032
11498,425.99,202.746897972308
11499,260,246.052251072041
11500,237,245.03423738087
11501,150,124.541434858748
11502,180,126.965805059551
11503,80,43.6426188005101
11504,100,105.300778780075
11505,179,208.270387839829
11506,144.95,106.080435353804
11507,69.99,40.9615288494309
11508,315,300.472366733309
11509,135,125.91830407798
11510,235,266.760581827295
11511,160,130.774961679265
11512,235,195.963509136028
11513,295,271.966639717461
11514,219,222.195503548661
11515,299,308.027762038737
11516,280,264.943528125835
11517,330,291.913787577292
11518,180,151.554562899236
11519,500,285.730003443625
11520,205,180.901824813514
11521,208,225.385880128443
11522,419,398.939071983059
11523,165,93.1500802349482
11524,650,590.076939658565
11525,290,272.156739353153
11526,347,310.803373935936
11527,175,88.3952719365267
11528,400,331.143224659399
11529,730,551.817049575687
11530,150,156.567452427396
11531,225,291.820786957698
11532,325,159.226860344998
11533,749.99,518.399028385578
11534,225,206.806012254107
11535,150,103.075433125188
11536,128,157.780959524957
11537,105,76.8504311899036
11538,175,136.120854064483
11539,550,489.187964639801
11540,349.95,377.605699151723
11541,250,134.698415328594
11542,145,88.8283657878515
11543,210,179.381154078066
11544,90,76.6353434319856
11545,100,56.6693163095303
11546,331.99,352.058665019892
11547,348.6,310.366706478611
11548,308,286.270353119557
11549,349,346.344589920084
11550,70,149.996112394586
11551,350,142.775756934735
11552,710,489.223283779326
11553,230,141.88906058022
11554,275,157.553058756156
11555,380,428.030899916417
11556,399.99,382.636634062379
11557,280,156.202681035482
11558,220,164.727887635911
11559,525,179.130067782945
11560,149,63.5970189983666
11561,350,333.18771768154
11562,275,198.575971591836
11563,300,291.553027249482
11564,327.58,349.938242229053
11565,250,144.190407661276
11566,400,400.866070335788
11567,420,401.2633216045
11568,289,114.829468279504
11569,375,394.346108675788
11570,250,267.98130769749
11571,525,364.211461869742
11572,269.95,212.464633049853
11573,455,326.030561050722
11574,200,248.06523112479
11575,149.99,78.2986652925091
11576,400,457.40097422678
11577,315,235.562119067588
11578,500,379.65027479945
11579,70,80.275244705088
11580,450,232.226420452337
11581,8,51.278484381138
11582,195,193.126101997622
11583,4.99,130.477709117171
11584,259.99,286.861646892501
11585,100,212.791680760459
11586,350,279.27071854897
11587,380,104.05774165671
11588,200,184.805527687315
11589,150,135.848408381031
11590,380,335.955337675959
11591,2.99,138.142079103289
11592,350,430.576762592912
11593,60,36.4607039720767
11594,480,189.938934720559
11595,175,179.751911400351
11596,69.69,66.9759325187825
11597,175,135.639046792281
11598,15,43.4236250183954
11599,119.88,62.0105250041113
11600,225,209.294349968875
11601,29.99,2.81408407803909
11602,119.99,36.8648058411435
11603,0.99,15.9518360917282
11604,150,52.3245525058123
11605,229,242.178685163646
11606,199,78.7122224650025
11607,50,48.474793279154
11608,149,133.467332359204
11609,29.95,-2.73481957581939
11610,129.99,84.4256037594909
11611,15,28.0893382309324
11612,229.98,149.741531180329
11613,19.5,20.8302415757672
11614,69.95,51.8258463350716
11615,75,-17.7180765524529
11616,50,38.0533631909851
11617,14.99,26.6745995473957
11618,100,63.4434851231059
11619,299.99,199.777735305146
11620,0.99,30.1592439739873
11621,0.99,28.5834757627372
11622,30,14.2460686996188
11623,0.99,-7.99705272939462
11624,25,5.53594970416624
11625,0.99,-38.8049321104455
11626,114.99,6.96849753994602
11627,49.99,24.5726527928254
11628,10,3.84428530352649
11629,59.99,100.64727367253
11630,30,23.9857063930256
11631,100,61.4486683090634
11632,30,13.6261559963368
11633,209,237.912660046586
11634,14.99,16.7753440636261
11635,0.99,-0.0182638617503028
11636,25,12.5028475352376
11637,0.99,9.7807107044643
11638,39,19.1731100174863
11639,119.99,5.12628069549721
11640,89.99,77.9579096043471
11641,32.95,18.5731237885687
11642,550,171.132555319643
11643,128,98.2944922529653
11644,80,21.5009277166457
11645,0.99,-43.2957386035758
11646,40,39.446819749025
11647,0.99,-8.71603939178254
11648,71.99,88.6301963864663
11649,209,236.502011633636
11650,92,82.7809554004027
11651,179.99,13.1494379308782
11652,0.99,2.09716210672725
11653,0.99,0.196092593142086
11654,0.99,-10.5118138338562
11655,65,33.5204720218829
11656,0.99,-9.95963095777158
11657,1,12.3934865464126
11658,128,100.383473719598
11659,200,244.790836144138
11660,0.99,-0.717412915287224
11661,25,36.4154043277783
11662,30,21.3322637316199
11663,57.5,38.3927299818347
11664,39.99,33.3499446728233
11665,75,50.0561960912991
11666,5,13.5621228996332
11667,40,41.7064135287011
11668,119.99,19.1533736566755
11669,74.99,74.7526383044314
11670,29.95,24.3185380498656
11671,40,34.729245560556
11672,50,49.1761678449226
11673,129.95,45.3537712606462
11674,45,49.1018995551267
11675,129.95,54.5333193130263
11676,54.99,9.51590971682007
11677,189.99,220.581272667261
11678,1,2.26614969632269
11679,70,51.1569111936214
11680,49.99,62.8158846130026
11681,0.99,14.397031966999
11682,399.99,203.035413882055
11683,149.98,13.1848926343684
11684,157,44.5700304874216
11685,160,50.2423234508427
11686,50,56.3591062278177
11687,100,35.3083084608033
11688,1,-18.6017803826448
11689,0.99,-6.81142975870161
11690,0.99,-20.4555059790554
11691,0.99,-19.670569817617
11692,150,100.392624958774
11693,224.99,9.66060013348195
11694,15,24.0800278190613
11695,75,65.810658739356
11696,55,99.2224219473818
11697,250,186.555207262053
11698,89.99,53.9195464765746
11699,99.99,-17.288539988585
11700,19.99,64.8755924306717
11701,62,55.0587646156508
11702,144.5,92.8857766530829
11703,74.95,39.194502650453
11704,99.95,31.9183869065976
11705,590,520.006938782369
11706,0.99,-20.1900393455729
11707,29.99,1.54448569761906
11708,0.99,-8.90774629953409
11709,25,14.5880624235856
11710,0.99,-1.17669675038926
11711,0.99,6.44280103348803
11712,42,13.803087620745
11713,150,-2.84361160475132
11714,20,65.9390695421006
11715,0.99,-22.8118077139867
11716,1,10.3354797153281
11717,20,6.1461491472484
11718,100,56.154778291743
11719,196.79,79.714119552326
11720,150.87,79.1947081235022
11721,36.95,-1.1353473262616
11722,0.99,-6.67653642548891
11723,0.99,-16.2558876675051
11724,209.9,36.0960174725922
11725,80,57.0431400518894
11726,0.99,3.36529777070877
11727,52.99,11.6825762461751
11728,60,22.445635871528
11729,0.99,-19.2039192233817
11730,0.99,-17.2665805671485
11731,69,70.9521628690162
11732,9.99,4.65621309506149
11733,59.99,34.032466820383
11734,10,-16.1752017454004
11735,99.95,62.9240848275645
11736,0.01,-25.5736163978797
11737,75,68.9121313972204
11738,36.95,-0.943510074494506
11739,128,101.852978734376
11740,99.99,75.975941019564
11741,99.99,27.9746215413756
11742,100,81.7557036689243
11743,130,24.85981595079
11744,0.99,-1.69996764385828
11745,99.99,72.8132309897151
11746,155.99,-19.7038566245562
11747,119.99,155.926925134965
11748,65,-5.19073383048342
11749,65,129.260605950496
11750,165,55.9807056342452
11751,66.99,75.7062211296737
11752,199,55.135455522728
11753,55.66,31.6816552852658
11754,79,89.1811025068707
11755,142.49,154.112128362977
11756,85,45.7231493636383
11757,99.99,81.2338156465966
11758,0.99,-10.562788252994
11759,59,74.8432140470757
11760,99.95,220.45958916888
11761,100,69.2230269052303
11762,100,84.9872261975795
11763,100,65.9530197432706
11764,91,66.4757861460883
11765,500,12.043999070956
11766,45,36.2754302460646
11767,19.99,66.7468705806066
11768,155,14.9638265171054
11769,25,14.6627532128166
11770,150,128.209745883619
11771,415,330.711699314063
11772,319.99,293.555846939249
11773,99,91.0215671687176
11774,179.95,237.725278471441
11775,104.99,135.416475906116
11776,275,239.519340460922
11777,325,34.5506187574791
11778,9.99,13.1362389954724
11779,379.99,198.574179664996
11780,279,137.055456987772
11781,264.99,321.998379708209
11782,579.99,452.619996116975
11783,0.99,41.5754824991192
11784,249.95,232.323981041617
11785,19.95,31.3477154328454
11786,379.99,332.165717389668
11787,149.95,168.73288808445
11788,149.95,215.855612488008
11789,309.95,355.173971915891
11790,324.9,212.527405764409
11791,349.99,255.814173427502
11792,375,328.98456295134
11793,319.98,361.452564540147
11794,374.95,309.807162322023
11795,379.99,285.981627771308
11796,80,52.9643907723126
11797,339,391.77908411817
11798,509,456.426831906106
11799,229,304.538827366286
11800,299.99,174.926541701617
11801,74.99,55.4715163295604
11802,250,236.375535874558
11803,124.99,126.226584729334
11804,409.99,399.055824791405
11805,219.99,240.691287288189
11806,100,82.5262447464949
11807,199.99,222.676846660182
11808,0.99,-16.3239552261259
11809,49.99,94.0490375426649
11810,149.99,138.244109362034
11811,199.99,257.999091022006
11812,36.95,1.81302960013448
11813,298,220.408523234396
11814,319.99,351.14638155102
11815,209,174.948533148585
11816,319.99,351.830446836311
11817,419.99,351.41429352875
11818,249,311.426348654173
11819,249,299.097160802775
11820,179.99,199.168793353501
11821,159.99,258.111775664976
11822,279.99,332.630949888104
11823,229,246.001760943717
11824,129.95,91.0627164675061
11825,244.95,263.911465582421
11826,319,245.997032632312
11827,289,236.110831306057
11828,249.99,270.001732152866
11829,49.95,48.0760870855733
11830,85,91.5451120014628
11831,0.99,23.1511716069152
11832,629,424.992378903796
11833,429,331.333927806586
11834,529,407.640883675017
11835,430,342.397536768447
11836,52.25,64.6901348862051
11837,90,100.638530377874
11838,87,158.22410382762
11839,50,80.1902849217765
11840,249.99,249.857510422606
11841,139,185.777119365576
11842,219.99,242.978097318897
11843,329.99,400.577197878348
11845,400,360.950095272278
11846,250,204.777961340352
11847,164.99,302.445002654484
11848,129.99,142.034425204204
11849,164.99,283.854663337562
11850,119.99,101.439494046956
11851,219.95,223.797199410505
11852,59.99,44.2055529650857
11853,279,221.799442585727
11854,319,291.027604714666
11855,424.99,477.558304059623
11856,89.5,105.634542001721
11857,239.95,243.199155184736
11858,329.99,298.60834130189
11859,400,385.026280060736
11860,89,87.1253570361939
11861,119.99,117.539452484056
11862,105,99.7548775900541
11863,195,249.472504137516
11864,219.99,240.414354708726
11865,100,65.9407520077673
11866,210.99,281.165250516109
11867,514.95,438.219225850796
11868,79.99,98.1731491683738
11869,250,236.251720205542
11870,149.99,211.630803350471
11871,75,55.0093563161714
11872,145.49,204.329338266115
11873,249,225.136364208661
11874,153.95,190.690733635987
11875,150,46.6670279059665
11876,274,288.092800821856
11877,250,16.2997836594615
11878,250,74.7745298470427
11879,130,164.262420299189
11880,229.99,235.105272713934
11881,289,-4.93623386925366
11882,303.99,359.209195501773
11883,279.5,337.471729260925
11884,239.99,162.670285511043
11885,80,81.5442908754671
11886,345,384.910980062445
11887,239.99,230.99873196118
11888,269.85,265.359867042019
11889,280,394.329676547607
11890,212.99,195.146481578263
11891,0.01,47.7852636834916
11892,139,272.832788756513
11893,250,94.1005801660369
11894,129.95,196.375163277644
11895,559,411.382218396262
11896,499,262.066746674067
11897,245,149.525804664561
11898,250,233.79786595694
11899,79.94,136.7505714703
11900,219.85,197.624426865032
11901,199.99,32.0708407518146
11902,199.99,102.690820841989
11903,295,159.040982181594
11904,359.99,353.592422684474
11905,256.24,350.621487566764
11906,25,68.9604314549386
11907,299.99,249.214154947631
11908,199.99,305.479404073078
11909,640,222.23065566421
11910,145,294.677521879686
11911,170,105.968372152095
11912,284.99,352.069540953123
11913,50,78.5458113687196
11914,200,87.0611356872993
11915,235,220.03615679483
11916,619,408.398104203946
11917,369.99,393.594169394038
11918,100,58.6708761376559
11919,169,305.927680922706
11920,219.99,291.847643481418
11921,199.69,320.691399959959
11922,69.5,90.8572831209696
11923,1,233.532397980711
11924,275,51.2682235454066
11925,0.99,188.600375458748
11926,199.99,217.06273400628
11927,99.99,75.7204945890338
11928,175,306.748715996367
11929,285,360.110672413595
11930,0.99,48.2031954663126
11931,150,164.340474020239
11932,329,386.295088645744
11933,180,26.732284061433
11934,246,241.070760969397
11935,200,256.857040182264
11936,285,360.863529252582
11937,50,69.5963610479031
11938,230,108.330368226608
11939,285,201.05629926193
11940,175,26.2899650576528
11941,260,54.3761704737739
11942,80,58.1953006376718
11943,310,305.377425759098
11944,100,25.6628654087873
11945,0.99,68.552998215928
11946,99.99,66.0336576461031
11947,0.99,158.351102895891
11948,239.99,293.615373843277
11949,75,74.2728214848294
11950,120,109.280419928687
11951,269.99,233.98073858143
11952,399,255.66177006779
11953,0.45,28.9574213366542
11954,223,398.428083535069
11955,79,94.17789370615
11956,0.99,48.028196822659
11957,150,-21.8535873085161
11958,275,229.727227687096
11959,99,33.2934329096633
11960,74.5,88.4624447767837
11961,64.99,88.4758355034859
11962,239.88,230.722679642288
11963,199.99,145.952472401023
11964,84.99,92.4525573142198
11965,269.99,233.468402857667
11966,65,74.215290250557
11967,100,80.0158990650112
11968,240,113.907599559312
11969,90,63.0128598489386
11970,100,80.1083312027459
11971,150,85.7360348525717
11972,89.99,79.8267917155413
11973,0.99,95.5515838168779
11974,0.01,162.735607210153
11975,48.99,81.7987674612714
11976,225,66.513620976243
11977,70,101.395143990619
11978,194,82.3464579261882
11979,1,84.8724389451596
11980,129,100.829365338311
11981,90,99.0922394948912
11982,80,74.8212112303706
11983,1,45.0133367447738
11984,139,126.602301613675
11985,0.99,47.8766559976965
11986,179.99,207.699129304068
11987,100,26.8446071377127
11988,225,304.450698022758
11989,0.99,82.5807505181247
11990,100,67.4072888588382
11991,50,84.7573178130813
11992,150,95.1597121905318
11993,1,21.246175261043
11994,419,339.300818342635
11995,199,73.2045403721063
11996,95,76.1110240859799
11997,550,195.704049488112
11998,135,184.842217352995
11999,115,142.575000962716
12000,100,79.5326717146057
12001,85,85.021184072109
12002,0.1,96.1078216160986
12003,0.99,59.0331163104968
12004,50,92.9645732933497
12005,49.99,13.6582864571032
12006,129.99,63.2629646845715
12007,99,79.2346266198063
12008,300,71.6149839854225
12009,150,93.2050840721
12010,0.98,51.4308651477906
12011,0.99,76.099574069205
12012,179.99,295.855683542708
12013,235.99,215.029764513853
12014,239.99,225.724733740214
12015,85,84.4445945999745
12016,190,164.564329620093
12017,1,84.8166073342369
12018,0.99,55.5250715958863
12019,85,92.0019432306314
12020,70,70.6319282897149
12021,70,79.4477431977093
12022,40,75.0925982529104
12023,19.99,81.7062976363347
12024,160,214.555898861534
12025,10,86.2270462817451
12026,1,13.9291884365305
12027,1,71.9884833764609
12028,290,65.4622548080158
12029,150,54.641025707081
12030,0.99,70.1650311486577
12031,1,138.018085597779
12032,259.99,126.184735470428
12033,180,76.1129723526062
12034,288,65.4018946443681
12035,291.99,366.969153333581
12036,289.79,335.238758155767
12037,90,96.8468992685838
12038,199.99,221.390954690387
12039,150,74.7264499391706
12040,259,230.301332791466
12041,150,99.3413523329922
12042,120,-12.6975231086655
12043,499.99,300.674925958493
12044,93,93.9452057438109
12045,450,227.581484586961
12046,139,48.4569292510031
12047,520,412.902800411015
12048,74.99,79.1667830245872
12049,20,74.9390654349729
12050,249.99,239.059410521433
12051,25,74.5189048739887
12052,175,224.417728080487
12053,189,0.810721605420042
12054,169,306.662799902712
12055,29.99,97.822363496431
12056,90,133.165405126751
12057,230,250.978087645598
12058,249.98,53.7958247443809
12059,140,55.1723339653292
12060,145,146.390131068655
12061,0.01,82.4433413509985
12062,1,67.6890311131348
12063,195,40.0694112349168
12064,250,126.057552321112
12065,125,66.4722052554526
12066,179.99,33.745731258668
12067,99.95,14.054052945764
12068,1,77.6793740952233
12069,559.99,222.545416027902
12070,290,190.814378132887
12071,92.14,113.212311442018
12072,99.99,47.9857394132169
12073,79,77.9078761938416
12074,290,83.9477610442745
12075,225,71.361799680081
12076,9.99,74.6293028632847
12077,171.95,172.138184938338
12078,189.99,206.538767069366
12079,199,33.0674943934158
12080,149.99,51.7504081363291
12081,150,55.3693650727613
12082,99,73.2518859271443
12083,50,91.338032262551
12084,0.01,76.3738828184211
12085,230,244.151117248488
12086,92.14,112.808533418238
12087,0.99,38.0582802855444
12088,215,330.987441284539
12089,99,95.6374751726106
12090,90,43.9705626543181
12091,0.99,40.0573223859607
12092,174.99,79.4241938589628
12093,150,70.0516852949425
12094,95,85.4996953799525
12095,144.99,148.633550575488
12096,9,356.414965099896
12097,99.99,167.287897073257
12098,150,214.794406667151
12099,170,98.4214363229263
12100,204,284.959539157286
12101,189.99,206.170549442693
12102,1,103.046727274992
12103,367.97,244.234635638861
12104,370,346.692246911156
12105,0.99,72.7611566525759
12106,290,312.463531506951
12107,0.99,23.1854538535903
12108,329.99,28.2362225290682
12109,259.99,309.963553215419
12110,374.99,303.254473688703
12111,200,33.0644878875944
12112,480,228.300703160695
12113,200,129.684339281468
12114,75,79.2937290602249
12115,200,76.8529730243942
12116,99.99,79.9459322013556
12117,225,78.2110012014943
12118,30,80.0035749505843
12119,181,146.915950991077
12120,259.99,220.204058715694
12121,75,63.5488826605066
12122,469.99,130.14631490958
12123,5,73.3371938141671
12124,50,70.9316770717779
12125,99.99,49.5874368336415
12126,99,3.36711377929261
12127,200,146.627963133429
12128,165,156.898028684277
12129,25,72.1710725199187
12130,50,75.2222885129049
12131,389.99,431.658357283253
12132,200,11.3852490559806
12133,144.99,204.575272956605
12134,100,36.1817724743902
12135,275,271.442403958016
12136,112,66.7356897570466
12137,74,115.795688120827
12138,140,80.0601928613418
12139,0.99,80.7537123931138
12140,129.95,84.8778604980543
12141,238,72.3752473248781
12142,185,146.983391275363
12143,211.5,190.452599457787
12144,314.99,190.622136225911
12145,99,85.5740893968345
12146,0.99,55.2399477345193
12147,50,77.6392824773118
12148,124.99,146.549679324017
12149,0.99,88.4528208289551
12150,417,274.383025574064
12151,96,75.7448480838873
12152,0.99,11.9968514604242
12153,310,191.055429178434
12154,350,70.872952110986
12155,200,90.2066724005112
12156,40,101.749543283318
12157,107,46.9960811397243
12158,189.99,164.531177335029
12159,379,284.364019854017
12160,25,78.3140096917163
12161,99.99,79.9164838118105
12162,199,23.0065445940725
12163,179,108.963008141779
12164,50,253.43306769375
12165,265,332.771581386117
12166,0.99,16.835635478622
12167,325,79.6587844671018
12168,99,45.1602055374609
12169,121,101.347734105752
12170,200,267.637594588692
12171,179,314.741851430535
12172,0.99,11.934545021337
12173,0.99,80.908606401721
12174,199.99,192.275879017894
12175,199,242.083557563146
12176,369.99,446.386879968854
12177,10,74.9144243506219
12178,410,206.789014812766
12179,168,141.40169449266
12180,150,47.1029050886995
12181,60,87.5177349199544
12182,200,36.5128611159479
12183,149,85.0408494209177
12184,50,252.849006032185
12185,220,24.8770964116731
12186,249.99,18.0279099155097
12187,325,39.4858653028838
12188,150,83.5979633231139
12189,149,54.6998679748797
12190,50,76.751312108315
12191,299,49.5455183662596
12192,300,54.2413562190222
12193,214.98,362.030966740956
12194,150.99,164.526099052049
12195,199.99,215.972547689814
12196,89,79.641749283476
12197,299.99,212.335625375777
12198,90,104.103382800638
12199,199,49.3023394786726
12200,75,23.4472489217977
12201,0.99,71.8082477909105
12202,300,174.011988142628
12203,289,33.5615718899238
12204,250,29.9117936472358
12205,0.99,84.4157059205111
12206,200,167.474250727554
12207,179.99,163.711480043796
12208,140,53.1343155725128
12209,339,54.6887107169077
12210,109,139.021364369838
12211,199.99,218.702098810211
12212,400,21.0773552654568
12213,0.99,11.2221100419996
12214,150,66.9768093645572
12215,0.01,64.7050510634073
12216,162,276.635938892446
12217,149.95,86.1405791339113
12218,172,224.965512885867
12219,190.99,3.67647872398133
12220,150,226.990299564134
12221,89.95,86.0453872211751
12222,300,275.020024997983
12223,350,240.410674829257
12224,499.99,101.560496618569
12225,149.99,210.864531302959
12226,180,79.3125697783127
12227,50,256.832766952576
12228,324.99,70.1540964396395
12229,58,56.6962462317323
12230,197.97,7.30713503262413
12231,85,36.4696954160094
12232,0.99,64.8042362564386
12233,79.99,102.99936758914
12234,0.99,85.8324341094655
12235,98,82.7881663477121
12236,119.98,61.0881529435308
12237,0.99,85.189104818513
12238,350,346.553311634219
12239,350,162.954691644939
12240,0.99,70.1460928093907
12241,169.99,75.9102162356767
12242,315,217.607770761062
12243,100,69.7587292392463
12244,49.99,52.711014034844
12245,0.99,85.1825303427625
12246,275,263.708070928772
12247,255,206.207068531255
12248,89.99,61.7734624686533
12249,375,111.645209280074
12250,344,224.786708776221
12251,199,155.397188897966
12252,350,30.7815462927079
12253,249.97,81.5187935055906
12254,45,72.3257360917132
12255,588.18,453.307614037569
12256,375.99,462.919059100294
12257,249,1.24150575095908
12258,494.5,213.511288947214
12259,155,82.2565470257963
12260,0.99,90.8332569594015
12261,199.99,73.8606351649568
12262,559.99,398.385359061536
12263,0.99,66.6565993712047
12264,99,77.0982686201476
12265,1,84.7369993551337
12266,370,252.088002058668
12267,450,260.342042909605
12268,178.99,87.9670876496284
12269,158.99,254.751362613648
12270,249,62.1478036902671
12271,1,105.909562016675
12272,300,60.2242420740339
12273,175,11.7068881513891
12274,174.99,85.2121225308432
12275,199.99,14.2293707839425
12276,249.99,165.039460952499
12277,399.99,365.72311763718
12278,199.99,66.6456426106787
12279,175,154.912039850881
12280,279.99,26.9335544985338
12281,449.99,424.067549770742
12282,588.18,453.581359255525
12283,230,65.7485133547969
12284,625,413.882073847607
12285,165,79.8622035380062
12286,595,385.994725464688
12287,199,168.265207956719
12288,334.95,177.482517391243
12289,300,8.19648720565557
12290,175,204.521162646641
12291,250,135.183319168049
12292,347.24,437.739497282542
12293,214.95,163.838382342109
12294,300,192.896864375658
12295,160,176.18487059885
12296,549.99,443.430528287299
12297,150,85.5323286449906
12298,249.99,234.679870055003
12299,150,164.858407898262
12300,509.99,394.970375509504
12301,100,185.002453116204
12302,429.99,464.916764346076
12303,279.99,105.907481228531
12304,320.99,235.893887198105
12305,90,87.8187025389378
12306,450,232.693112041854
12307,99,70.5095715675607
12308,0.01,33.4747309307176
12309,164.99,275.601148485453
12310,0.99,68.1111700351069
12311,499.99,293.150678180408
12312,319.99,312.707659266091
12313,590,418.690031416345
12314,258.98,252.40338914818
12315,169,93.3233645889627
12316,249.99,101.077768087571
12317,645.99,511.370512703627
12318,211.95,204.478468553265
12319,245.19,252.951772839876
12320,445.95,396.193540857049
12321,419.95,213.346333610147
12322,0.99,42.8980350463956
12323,389,309.647427348538
12324,130,18.7531658209217
12325,112.99,103.12358555243
12326,375,239.30321070205
12327,217,246.489997269058
12328,499.99,311.113920693778
12329,299.99,234.599157717217
12330,549,413.474673761533
12331,225,132.705932092595
12332,0.99,85.9132557513551
12333,279.99,193.126465341433
12334,438.99,339.22587273541
12335,370,307.937111644349
12336,415,134.816795532012
12337,96,187.425225645201
12338,385,252.652240515081
12339,255,58.7504941183374
12340,0.99,138.790314203289
12341,175,101.086309757787
12342,215,164.777762420268
12343,285,362.30390647922
12344,425,126.791251950828
12345,399.94,329.701698035745
12346,300,162.948390927613
12347,101,201.501889767683
12348,0.01,123.189397538669
12349,329,307.793062893588
12350,280,187.389350511486
12351,649.99,398.807162014869
12352,350,362.501543840072
12353,0.99,76.3754123679184
12354,0.99,124.522111261077
12355,325,301.81503499479
12356,265.99,202.573099714039
12357,200,85.5829116249107
12358,174.99,147.337176210139
12359,159.99,275.641848360566
12360,102,176.252398075049
12361,350,19.5676024721643
12362,165,298.159611703846
12363,799,475.47009672986
12364,595,8.19432405300338
12365,280,191.198861492147
12366,125,58.9431261358215
12367,165,79.9555411865335
12368,190.45,142.564942023476
12369,419.99,259.889034015401
12370,319.99,362.117906278462
12371,399.95,327.24225816339
12372,449,534.60617223468
12373,91,187.773695908358
12374,0.99,84.9323360459898
12375,170,201.016355225497
12376,228.88,231.413617023209
12377,150.99,210.869167907051
12378,650,183.644006194503
12379,147.72,250.387085202482
12380,179.99,143.989825103839
12381,115,162.305490495041
12382,271,252.790413369646
12383,200,297.42326226962
12384,189.95,220.920305694399
12385,400,300.079386322945
12386,349.99,312.163500339812
12387,650,445.171676554718
12388,179,74.4675928560215
12389,315,307.866444302226
12390,680,511.32822390598
12391,149.99,33.630835291591
12392,0.01,89.0434006050383
12393,280,214.08038685476
12394,599.99,313.121766132852
12395,795,514.479164343325
12396,329.99,236.662184435097
12397,275,170.966597018693
12398,324.99,299.83552801518
12399,154,299.357768982915
12400,299.95,258.932046471144
12401,284,314.84973098835
12402,199.99,178.007600846404
12403,35,79.5664551787147
12404,499.99,511.813980836911
12405,250,190.322972656073
12406,0.99,37.7034683412806
12407,159.99,289.874753932562
12408,70,160.219745630252
12409,165,142.015459303601
12410,249.99,242.415868124105
12411,229.99,225.238294667375
12412,749.95,409.249765725327
12413,99,39.3358584547606
12414,740,489.691050880855
12415,320,53.5299065506943
12416,149,214.597878269866
12417,426.3,241.27325208043
12418,679.99,384.903010589848
12419,279.99,199.659446505575
12420,200,232.196176180164
12421,689.99,523.667065357152
12422,460,387.315402693235
12423,789.99,511.160092659173
12424,634.99,388.620125499586
12425,899.99,475.618460359594
12426,324.99,235.824555301712
12427,549.99,431.6205918383
12428,285,228.326214828493
12429,389,-5.93151121378274
12430,295.95,237.271288564397
12431,399.95,261.406073024791
12432,0.99,4.12580335585716
12433,300,282.296191327796
12434,130,194.229984909315
12435,550,32.90608642041
12436,424.65,360.195011533592
12437,90,201.951156497915
12438,475,423.935694414229
12439,659.49,295.502870596509
12440,177.99,166.455638382381
12441,204,297.57582514735
12442,406,297.880124677617
12443,285,218.597498631901
12444,229,107.848113601897
12445,394.99,157.689444300215
12446,450,339.802795094676
12447,50,20.8482419644419
12448,7.99,61.1052117487097
12449,465.99,456.457667149821
12450,470,163.846920689879
12451,445,360.529032487448
12452,358.24,494.448457410232
12453,749.95,388.409187409453
12454,320,191.17259234693
12455,639.99,402.748431425945
12456,0.99,257.415477966518
12457,399.99,385.985618898644
12458,639.99,404.20712594508
12459,154.99,132.028135651936
12460,408.6,229.280202362424
12461,0.99,125.090286779618
12462,345,221.711579106989
12463,249,92.967221670344
12464,399,310.453004967966
12465,249,317.384074312848
12466,38.99,224.827385341999
12467,0.99,80.9439245267165
12468,800,300.221817321057
12469,500,418.072048807256
12470,210,22.7896477322115
12471,9.99,23.472877688112
12472,450,377.679448535965
12473,475,172.355604463069
12474,190,264.458299353841
12475,43.2,229.560999658711
12476,450,166.537286102885
12477,118.84,229.613666220812
12478,99.46,229.383609277968
12479,5.65,229.61699517183
12480,14.99,229.761032719632
12481,7.99,229.708778299239
12482,137.95,229.453600246074
12483,79.95,229.586638290774
12484,450,80.5701073728784
12485,116.33,230.195658217803
12486,149,48.9241395889371
12487,100,131.17518592806
12488,334,388.165443758885
12489,339.5,386.10914721625
12490,280,234.582086551949
12491,120,80.4452949816802
12492,235,34.8801304828859
12493,55,71.1868778648328
12494,400,332.833656714506
12495,485,512.085761955065
12496,299,4.50465241384924
12497,399,163.391471678714
12498,0.99,68.0272593831685
12499,250,61.5884948621697
12500,599.99,121.329719306411
12501,729.99,228.267248717813
12502,240,99.5540739740008
12503,879.99,200.646890677586
12504,300,130.572635835523
12505,160,154.779956038562
12506,599.99,130.954536085667
12507,17.75,103.906981217799
12508,599.99,125.439441600695
12509,729.99,74.6684411412968
12510,189.99,144.58906327903
12511,310,345.449080903396
12512,95,93.9633795195844
12513,204.95,245.493575836182
12514,399.99,397.711873472769
12515,100,183.003153560463
12516,155,157.673543264102
12517,250,300.015538349096
12518,250,216.894116288549
12519,275,256.77681604396
12520,235,94.8964280835659
12521,309.98,231.717172033818
12522,500,382.111742445978
12523,275,199.274378669058
12524,250,291.075412005726
12525,300,207.193452441022
12526,300,223.802956123026
12527,550,373.504991375456
12528,255,160.836737792194
12529,299,384.063963376114
12530,750,390.702567406019
12531,180,225.332452156981
12532,225,84.7403391184008
12533,420,389.739552552554
12534,239,191.732358546667
12535,182.77,224.020348061774
12536,279,362.89866320555
12537,299.99,231.289647133371
12538,280,252.883006027531
12539,350,249.500244172887
12540,220,258.977448157316
12541,579.99,413.903371519799
12542,120,99.6231653983192
12543,190,261.54828733977
12544,510,468.171196015867
12545,250,253.638488290027
12546,300,185.401501324087
12547,400,299.850524011894
12548,820,343.021963566748
12549,149.99,70.8989941686173
12550,105,63.925027792975
12551,100,7.80360198693272
12552,119,208.167154314799
12553,69,33.6394770337453
12554,80,177.506667711864
12555,50,46.4384868313724
12556,49,47.6538764923763
12557,150,80.5630546002432
12558,70,48.6147833145005
12559,0.5,6.72655252170758
12560,79.95,60.8706005120476
12561,119.99,92.6826751217087
12562,99.99,58.885335334271
12563,35,52.2554621560817
12564,20,47.9454175521293
12565,99.95,77.3752801513169
12566,10,27.9095585702466
12567,1,34.4701693563023
12568,0.99,48.0737558194933
12569,0.99,71.9535380277634
12570,20,62.4635958994121
12571,59.99,71.8720357179049
12572,30,-12.699429909687
12573,9.5,51.8532456432138
12574,139.99,48.9102529648659
12575,90,41.9144140789707
12576,229,227.107821775251
12577,0.99,1.54644953651396
12578,63,81.3842435153909
12579,35,12.2129127310381
12580,65,52.8180439083946
12581,0.99,47.838243404793
12582,29.99,74.3424225741421
12583,30,94.0442962979156
12584,75,120.394472919517
12585,99.95,60.079160176158
12586,0.99,46.2647556221742
12587,89,54.1022213756026
12588,20,35.6170001651119
12589,149.99,104.975083708662
12590,75,59.5353652017428
12591,50,59.1705622027615
12592,99.99,82.1166919389736
12593,350,331.358279029132
12594,49.99,-4.61627783928121
12595,9.99,74.3834110530166
12596,1,45.0306758442948
12597,0.01,26.335034601245
12598,106.95,71.4954029958717
12599,20,-26.4691195073868
12600,220,89.2306281153179
12601,85,45.0313933811741
12602,49.99,57.9104396837556
12603,99.99,54.0951180014524
12604,125,137.68542481768
12605,0.99,46.1561532077135
12606,0.01,47.5439361164128
12607,79.99,47.5245651746016
12608,0.99,49.6391793688539
12609,110,-7.70663955943623
12610,114.48,82.4220011822605
12611,10,32.3425971698541
12612,9.99,62.7314415072969
12613,200,61.48058128965
12614,99.99,88.2908737409569
12615,150,44.25144918222
12616,69.99,61.6807760707896
12617,139.99,55.4684196188057
12618,119.99,34.9906964107881
12619,80,44.6891352977222
12620,49.99,86.7395118832998
12621,0.99,10.2222701793298
12622,145,86.3037879772697
12623,10.99,33.0731506552329
12624,109.99,82.5794280312081
12625,999.99,114.640136740364
12626,85,34.9900831332501
12627,85,94.9522850984004
12628,99.99,75.3048974926263
12629,249.99,272.554133163115
12630,200,34.4326986460828
12631,109.99,86.1026948033636
12632,554.77,231.825088084858
12633,549.99,409.057131319874
12634,700,231.345815697534
12635,0.99,66.4044018492855
12636,229,199.583617658348
12637,179,266.318762289819
12638,219.99,311.782681583872
12639,49.99,62.3637337793701
12640,149.95,199.257655569318
12641,289.98,277.917761304622
12642,72,138.044266866044
12643,55,83.7578177006387
12644,89.95,107.744128304985
12645,199,230.825980997346
12646,100,209.711147078727
12647,199,230.969953786429
12648,99.98,94.9835323575629
12649,99.98,84.8481663241387
12650,169.99,229.88100817035
12651,188.88,146.34142149413
12652,439.99,526.590677682732
12653,50,121.263645235699
12654,104,57.5539221350093
12655,95,109.129711747382
12656,199.99,36.6428549637742
12657,149.99,164.927919060531
12658,7.99,269.424154731288
12659,139,242.255696766017
